video_name,window_index,window_start_sec,window_end_sec,mean_motion_ratio,std_motion_ratio,mean_speed,max_speed,total_distance,stationary_ratio,active_ratio,mean_bbox_area_ratio,bbox_area_std,x_range,y_range,path_efficiency,direction_change_rate,high_turn_ratio,motion_peaks,missing_track_ratio,contour_count_mean,recorded_at,hour_of_day,is_daytime
1760193946278 (1).mp4,0,0.0,11.533823529411764,0.043623046874999995,0.20374774884572944,0.009649104749970721,0.10486084114743476,0.2315785139992973,0.875,0.125,0.002797309027777778,0.006812403476562934,0.12630877592885292,0.07013218497514351,0.44239690492329387,0.3490419468570707,0.17391304347826086,6.0,0.8333333333333334,0.20833333333333334,2025-10-11 14:45:46.278,14,1
1760193946278 (1).mp4,1,4.011764705882353,15.545588235294117,3.436053240740741e-05,9.291171551903017e-05,0.0,0.0,0.0,1.0,0.0,0.0,0.0,0.0,0.0,0.0,0.0,0.0,3.0,1.0,0.0,2025-10-11 14:45:46.278,14,1
1760193964170 (1).mp4,0,0.0,12.082949308755762,0.04450593171296296,0.2036113118127634,0.0076986348903148845,0.11987419058405856,0.18476723736755724,0.9166666666666666,0.08333333333333333,0.002531105324074074,0.009950393572645023,0.11984690331753933,0.03670959599350243,0.4038072427149753,0.27318196987737325,0.08695652173913043,6.0,0.875,0.16666666666666666,2025-10-11 14:46:04.170,14,1
1760193964170 (1).mp4,1,4.202764976958526,16.285714285714285,0.0031716579861111108,0.006026219554104022,0.0076986348903148845,0.11987419058405856,0.18476723736755724,0.9166666666666666,0.08333333333333333,0.002531105324074074,0.009950393572645023,0.11984690331753933,0.03670959599350243,0.4038072427149753,0.27318196987737325,0.08695652173913043,6.0,0.875,0.16666666666666666,2025-10-11 14:46:04.170,14,1
1760193979860 (1).mp4,0,0.0,12.066153846153846,0.04350206163194444,0.20374537616723512,0.01507410568969104,0.17316540835292038,0.36177853655258496,0.75,0.25,0.0018024811921296298,0.0030224297365714285,0.061689827061724656,0.1667113980092353,0.02371390230587487,0.3457153353903117,0.17391304347826086,6.0,0.7083333333333334,0.2916666666666667,2025-10-11 14:46:19.860,14,1
1760193979860 (1).mp4,1,4.196923076923077,16.263076923076923,0.0005736400462962964,0.0012385005837429956,0.0,0.0,0.0,1.0,0.0,0.00017632378472222222,0.0008638066041715851,0.0,0.0,0.0,0.0,0.0,6.0,0.9583333333333334,0.041666666666666664,2025-10-11 14:46:19.860,14,1
1760194403716 (1).mp4,0,0.0,10.940194714881779,0.06153302228009259,0.20076309614016646,0.0756378846154254,0.2620461047298255,1.8153092307702094,0.5,0.5,0.024922417534722224,0.03341330729709682,0.4411409583508139,0.37540360921322147,0.29938138679892246,0.9840277126475903,0.5217391304347826,6.0,0.2916666666666667,1.625,2025-10-11 14:53:23.716,14,1
1760194403716 (1).mp4,1,3.8052851182197496,14.745479833101529,0.019092158564814814,0.017912318394605213,0.05734731848516694,0.2620461047298255,1.3763356436440066,0.5,0.5,0.029488389756944445,0.0362169860199212,0.22614750464448563,0.38111711880961846,0.21102823656079941,1.118583563055558,0.5217391304347826,6.0,0.3333333333333333,1.125,2025-10-11 14:53:23.716,14,1
1760194403716 (1).mp4,2,7.610570236439499,18.550764951321277,0.021015263310185186,0.021662908475663233,0.03813424300282255,0.2012793692352934,0.9152218320677412,0.5,0.5,0.03989529079861111,0.046189117433843234,0.23529569012835672,0.2688552736110002,0.2235259911419889,1.0070783219620971,0.4782608695652174,6.0,0.3333333333333333,0.875,2025-10-11 14:53:23.716,14,1
1760194403716 (1).mp4,3,11.415855354659248,22.356050069541027,0.019961299189814815,0.02186376634413606,0.03518428456009561,0.2012793692352934,0.8444228294422947,0.5,0.5,0.03909071180555555,0.04636762540479046,0.23529569012835672,0.2688552736110002,0.2596532447008257,0.8710674402159954,0.43478260869565216,6.0,0.3333333333333333,0.8333333333333334,2025-10-11 14:53:23.716,14,1
1760194403716 (1).mp4,4,15.221140472878998,26.161335187760777,0.011678602430555554,0.019179972748038586,0.010798492294859253,0.06238147510778755,0.25916381507662206,0.625,0.375,0.02287235966435185,0.04045725419599244,0.1291452382593512,0.138182402595735,0.5859212022596169,0.5417766833291483,0.2608695652173913,6.0,0.5833333333333334,0.5,2025-10-11 14:53:23.716,14,1
1760194403716 (1).mp4,5,19.026425591098747,29.966620305980527,0.006551649305555555,0.00953710578877096,0.009417056839294473,0.12613750970535195,0.22600936414306733,0.75,0.25,0.010387550636574074,0.020756204193733814,0.09280531775928957,0.12069558142456105,0.4925768210975906,0.3646687299724888,0.17391304347826086,6.0,0.7083333333333334,0.3333333333333333,2025-10-11 14:53:23.716,14,1
1760194403716 (1).mp4,6,22.831710709318497,33.77190542420028,0.009558376736111112,0.009529906888095662,0.010364638361505918,0.06783980391455033,0.24875132067614203,0.5,0.5,0.015611074942129627,0.02068160366400218,0.0850274531145897,0.10577019980356478,0.5441888924414672,0.7668191343654247,0.43478260869565216,6.0,0.4583333333333333,0.625,2025-10-11 14:53:23.716,14,1
1760194403716 (1).mp4,7,26.636995827538247,37.57719054242003,0.010356807002314816,0.008801132855644583,0.010494730981561637,0.06783980391455033,0.25187354355747926,0.5,0.5,0.016066442418981478,0.02037825769905161,0.08523366103068786,0.10577019980356478,0.5323215344641044,0.9442780609789871,0.5217391304347826,6.0,0.375,0.7083333333333334,2025-10-11 14:53:23.716,14,1
1760194403716 (1).mp4,8,30.442280945757997,41.38247566063978,0.005083007812499999,0.005687063419849875,0.006387045492206002,0.03523422488975512,0.15328909181294403,0.7083333333333334,0.2916666666666667,0.006685836226851853,0.010358346667091655,0.037597629859825066,0.06073042834717007,0.45491008293713275,0.671096091101614,0.34782608695652173,6.0,0.5833333333333334,0.4583333333333333,2025-10-11 14:53:23.716,14,1
1760194403716 (1).mp4,9,34.24756606397774,45.18776077885953,0.0033761935763888893,0.005614388622631822,0.004788183265302977,0.04693364947227799,0.11491639836727145,0.875,0.125,0.00250560619212963,0.005799782997524022,0.06039295775585585,0.04260396602329525,0.39950694278896237,0.2644124103097762,0.08695652173913043,6.0,0.7916666666666666,0.3333333333333333,2025-10-11 14:53:23.716,14,1
1760194403716 (1).mp4,10,38.05285118219749,48.99304589707927,0.008924877025462965,0.009643491120078833,0.01372343203194365,0.09110167097209447,0.3293623687666476,0.5833333333333334,0.4166666666666667,0.012203052662037037,0.015642998060907482,0.10742162325588855,0.15590831880962946,0.4252077601634308,0.6987174645922802,0.391304347826087,6.0,0.5416666666666666,0.875,2025-10-11 14:53:23.716,14,1
1760194403716 (1).mp4,11,41.85813630041724,52.79833101529902,0.012965494791666666,0.0076358394977919224,0.014628288491025742,0.09110167097209447,0.3510789237846178,0.5,0.5,0.01693431712962963,0.013173523552887425,0.10742162325588855,0.15590831880962946,0.4154491780621914,1.2269935647079653,0.6521739130434783,6.0,0.20833333333333334,1.375,2025-10-11 14:53:23.716,14,1
1760194403716 (1).mp4,12,45.66342141863699,56.60361613351877,0.0126806640625,0.00624110669352201,0.009059845485204101,0.061107774067449556,0.21743629164489844,0.5,0.5,0.016617296006944445,0.012759395730648283,0.027510361334200817,0.061008094191011164,0.2552094941777792,1.350865743124057,0.7391304347826086,6.0,0.125,1.375,2025-10-11 14:53:23.716,14,1
1760194403716 (1).mp4,13,49.46870653685674,60.40890125173852,0.00734157986111111,0.004377107103317139,0.013143090249944726,0.2710870882898,0.3154341659986734,0.5833333333333334,0.4166666666666667,0.006678602430555555,0.0065610253991829565,0.09583431912498841,0.2549347488190116,0.8102721596114985,0.8986138604491015,0.4782608695652174,6.0,0.4166666666666667,0.7916666666666666,2025-10-11 14:53:23.716,14,1
1760194403716 (1).mp4,14,53.27399165507649,64.21418636995827,0.003900462962962963,0.001988982715180977,0.011995101634105663,0.2710870882898,0.2878824392185359,0.8333333333333334,0.16666666666666666,0.0019473379629629626,0.0035978292112325986,0.09583431912498841,0.2549347488190116,0.9342068498724277,0.4805098685243892,0.2608695652173913,6.0,0.75,0.2916666666666667,2025-10-11 14:53:23.716,14,1
1760194403716 (1).mp4,15,57.07927677329624,68.01947148817803,0.002915581597222222,0.0017531939263016483,0.00843143028226249,0.1538429754182218,0.20235432677429974,0.8333333333333334,0.16666666666666666,0.0013597728587962964,0.0028904681584181542,0.05178145118321442,0.14612762731700307,0.5873068241060294,0.5130190205228184,0.21739130434782608,6.0,0.7916666666666666,0.20833333333333334,2025-10-11 14:53:23.716,14,1
1760194403716 (1).mp4,16,60.88456189151599,71.82475660639777,0.0021137152777777777,0.0018399537416386592,0.01331838188606406,0.1538429754182218,0.31964116526553743,0.8333333333333334,0.16666666666666666,0.0013816550925925925,0.002922136215286175,0.05178145118321442,0.14612762731700307,0.004970146727193274,0.5184636500661091,0.2608695652173913,6.0,0.7916666666666666,0.20833333333333334,2025-10-11 14:53:23.716,14,1
1760194403716 (1).mp4,17,64.68984700973574,75.63004172461751,0.0014386212384259259,0.0019551900395425497,0.01331838188606406,0.1538429754182218,0.31964116526553743,0.8333333333333334,0.16666666666666666,0.0013816550925925925,0.002922136215286175,0.05178145118321442,0.14612762731700307,0.004970146727193274,0.5184636500661091,0.2608695652173913,6.0,0.7916666666666666,0.20833333333333334,2025-10-11 14:53:23.716,14,1
1760195595259 (1).mp4,0,0.0,11.203747072599532,0.06447627314814815,0.2002821437747946,0.08314491033085977,0.3473999273509769,1.9954778479406345,0.5,0.5,0.04113444010416667,0.041424798185392915,0.48492869673371763,0.5428239615962346,0.10190017811301796,0.6052435759701617,0.2608695652173913,6.0,0.4166666666666667,0.875,2025-10-11 15:13:15.259,15,1
1760195595259 (1).mp4,1,3.8969555035128804,15.100702576112411,0.015458803530092593,0.019587464286964687,0.06501200514566784,0.3473999273509769,1.5602881234960282,0.625,0.375,0.025915979456018517,0.036395266409977006,0.48492869673371763,0.5428239615962346,0.30157236771111307,0.4529819875419787,0.21739130434782608,6.0,0.5833333333333334,0.625,2025-10-11 15:13:15.259,15,1
1760195595259 (1).mp4,2,7.793911007025761,18.997658079625293,0.0025283926504629634,0.00662240561861795,0.014474996972957371,0.3473999273509769,0.3473999273509769,0.9583333333333334,0.041666666666666664,0.0015418836805555555,0.0064015171661250736,0.12098343275466117,0.325652757584459,1.0,0.10565986180012492,0.08695652173913043,6.0,0.9166666666666666,0.16666666666666666,2025-10-11 15:13:15.259,15,1
1760195595259 (1).mp4,3,11.690866510538642,22.894613583138174,0.0005976924189814815,0.0005261785385162771,0.0,0.0,0.0,1.0,0.0,0.0,0.0,0.0,0.0,0.0,0.0,0.0,6.0,1.0,0.0,2025-10-11 15:13:15.259,15,1
1760195830669 (1).mp4,0,0.0,11.66472148541114,0.0600316478587963,0.20185432737735867,0.08655199708206866,0.5339084140530224,2.077247929969648,0.5416666666666666,0.4583333333333333,0.03470847800925926,0.05501141087850352,0.3381852287036889,0.5535565015946008,0.0975281439084909,0.6189015305353994,0.34782608695652173,6.0,0.5,0.9583333333333334,2025-10-11 15:17:10.669,15,1
1760195830669 (1).mp4,1,4.0572944297082225,15.722015915119362,0.014319842303240743,0.024756442844662475,0.07146882158129413,0.5339084140530224,1.715251717951059,0.6666666666666666,0.3333333333333333,0.026065899884259263,0.052020629539995866,0.3381852287036889,0.5535565015946008,0.1334226452637892,0.6189015305353994,0.34782608695652173,6.0,0.625,0.75,2025-10-11 15:17:10.669,15,1
1760195830669 (1).mp4,2,8.114588859416445,19.779310344827586,0.0008264612268518518,0.001326913212845626,0.0,0.0,0.0,1.0,0.0,0.0002079716435185185,0.0010188488151767414,0.0,0.0,0.0,0.0,0.0,6.0,0.9583333333333334,0.041666666666666664,2025-10-11 15:17:10.669,15,1
1760195830669 (1).mp4,3,12.171883289124668,23.836604774535807,0.00025589554398148146,0.0004873504180554904,0.0,0.0,0.0,1.0,0.0,0.0,0.0,0.0,0.0,0.0,0.0,0.0,6.0,1.0,0.0,2025-10-11 15:17:10.669,15,1
1760195832886 (1).mp4,0,0.0,11.533045977011495,0.04353389033564815,0.2037587175324719,0.01455393041698482,0.11703890367238347,0.34929433000763566,0.8333333333333334,0.16666666666666666,0.002267071759259259,0.0055080978839257624,0.09864793826457541,0.12520047342194984,0.29683786973902376,0.4077880017004148,0.21739130434782608,6.0,0.7916666666666666,0.25,2025-10-11 15:17:12.886,15,1
1760195832886 (1).mp4,1,4.011494252873564,15.544540229885058,4.846643518518519e-05,0.0002154634632095161,0.0,0.0,0.0,1.0,0.0,0.0,0.0,0.0,0.0,0.0,0.0,0.0,2.0,1.0,0.0,2025-10-11 15:17:12.886,15,1
1760195853668 (1).mp4,0,0.0,11.081125827814569,0.05509042245370371,0.20222030963031395,0.0419289799075964,0.41374991279315954,1.0062955177823136,0.6666666666666666,0.3333333333333333,0.019321108217592593,0.03590243888968819,0.23784321700572542,0.41212700621769155,0.11466126259913716,0.5236412116636282,0.2608695652173913,6.0,0.625,0.6666666666666666,2025-10-11 15:17:33.668,15,1
1760195853668 (1).mp4,1,3.8543046357615895,14.935430463576159,0.012458586516203704,0.020277097981490334,0.030660434484963296,0.41374991279315954,0.7358504276391191,0.7083333333333334,0.2916666666666667,0.01877097800925926,0.03610086701683009,0.23784321700572542,0.41212700621769155,0.5077094707278271,0.4456667212634815,0.21739130434782608,6.0,0.6666666666666666,0.625,2025-10-11 15:17:33.668,15,1
1760195853668 (1).mp4,2,7.708609271523179,18.789735099337747,0.0009534143518518519,0.001419068357233761,0.0,0.0,0.0,1.0,0.0,0.0,0.0,0.0,0.0,0.0,0.0,0.0,6.0,1.0,0.0,2025-10-11 15:17:33.668,15,1
1760195853668 (1).mp4,3,11.562913907284768,22.644039735099337,0.00047254774305555554,0.0007173249293049587,0.0,0.0,0.0,1.0,0.0,0.0,0.0,0.0,0.0,0.0,0.0,0.0,6.0,1.0,0.0,2025-10-11 15:17:33.668,15,1
1760198000648 (1).mp4,0,0.0,11.689665970772442,0.04352484809027777,0.20374294433892012,0.008286990637316388,0.14590086902991753,0.19888777529559332,0.9166666666666666,0.08333333333333333,0.000665870949074074,0.0018026508927459599,0.13575871374755621,0.11223952602203519,0.8856656031741893,0.23677964564022422,0.13043478260869565,6.0,0.875,0.16666666666666666,2025-10-11 15:53:20.648,15,1
1760198000648 (1).mp4,1,4.065970772442588,15.75563674321503,0.0014017288773148149,0.002046963045374272,0.002207787761069825,0.0529869062656758,0.0529869062656758,0.9583333333333334,0.041666666666666664,0.0004271556712962963,0.0014473129004329301,0.0024566700139082576,0.05292992544912828,1.0,0.14062405843988465,0.08695652173913043,6.0,0.9166666666666666,0.125,2025-10-11 15:53:20.648,15,1
1760198000648 (1).mp4,2,8.131941544885176,19.821607515657618,0.0014400679976851853,0.002038793165661064,0.002207787761069825,0.0529869062656758,0.0529869062656758,0.9583333333333334,0.041666666666666664,0.0004271556712962963,0.0014473129004329301,0.0024566700139082576,0.05292992544912828,1.0,0.14062405843988465,0.08695652173913043,6.0,0.9166666666666666,0.125,2025-10-11 15:53:20.648,15,1
1760198000648 (1).mp4,3,12.197912317327765,23.887578288100208,0.0012494574652777777,0.0019457377206254123,0.00021993909947966913,0.005278538387512059,0.005278538387512059,0.9583333333333334,0.041666666666666664,0.00043023003472222225,0.0014617033273566784,0.0019659415933395152,0.004898779558218158,1.0,0.08488842080509641,0.043478260869565216,6.0,0.9166666666666666,0.16666666666666666,2025-10-11 15:53:20.648,15,1
1760198018850 (1).mp4,0,0.0,11.276174496644296,0.0432349537037037,0.20380522556313815,0.002375755946381044,0.03139701048406379,0.05701814271314506,0.9166666666666666,0.08333333333333333,0.001123951099537037,0.004033221708463188,0.051404469014438736,0.014331669669227942,0.9069339100644574,0.4703202002865961,0.17391304347826086,6.0,0.875,0.16666666666666666,2025-10-11 15:53:38.850,15,1
1760198018850 (1).mp4,1,3.9221476510067115,15.198322147651007,0.00042317708333333335,0.00040560627081814144,0.0,0.0,0.0,1.0,0.0,0.0,0.0,0.0,0.0,0.0,0.0,0.0,6.0,1.0,0.0,2025-10-11 15:53:38.850,15,1
1760198018850 (1).mp4,2,7.844295302013423,19.12046979865772,0.0006416377314814815,0.0012779912270221403,0.0,0.0,0.0,1.0,0.0,0.00018446180555555555,0.0009036746012871966,0.0,0.0,0.0,0.0,0.0,6.0,0.9583333333333334,0.041666666666666664,2025-10-11 15:53:38.850,15,1
1760198018850 (1).mp4,3,11.766442953020135,23.04261744966443,0.00042968749999999995,0.0012743068153204292,0.0,0.0,0.0,1.0,0.0,0.00018446180555555555,0.0009036746012871966,0.0,0.0,0.0,0.0,0.0,6.0,0.9583333333333334,0.041666666666666664,2025-10-11 15:53:38.850,15,1
1760198018850 (1).mp4,4,15.688590604026846,26.964765100671144,0.0004291449652777777,0.0012758993657227015,0.0,0.0,0.0,1.0,0.0,0.00018446180555555555,0.0009036746012871966,0.0,0.0,0.0,0.0,0.0,6.0,0.9583333333333334,0.041666666666666664,2025-10-11 15:53:38.850,15,1
1760198018850 (1).mp4,5,19.61073825503356,30.886912751677855,0.001564308449074074,0.004003002814231641,0.00041950843028399276,0.010068202326815826,0.010068202326815826,0.9583333333333334,0.041666666666666664,0.0004513888888888889,0.001530520156179006,0.0004434122918842709,0.010058433458203397,1.0,0.1404218640375825,0.08695652173913043,6.0,0.9166666666666666,0.25,2025-10-11 15:53:38.850,15,1
1760198018850 (1).mp4,6,23.53288590604027,34.809060402684565,0.003582718460648148,0.005409127926646922,0.010636532740007067,0.12580998307770902,0.2552767857601696,0.7916666666666666,0.20833333333333334,0.002669632523148148,0.005153595164036469,0.1883593905711285,0.10841609054854306,0.7327625755048148,0.4243987388086759,0.21739130434782608,6.0,0.75,0.5,2025-10-11 15:53:38.850,15,1
1760198018850 (1).mp4,7,27.45503355704698,38.731208053691276,0.02330891927083333,0.03083199476009523,0.051209140473464504,0.2652399521273573,1.229019371363148,0.5,0.5,0.03387387876157408,0.05446899775034595,0.5272953487375394,0.4166173641408576,0.290239363414582,0.8487229352808822,0.43478260869565216,6.0,0.4583333333333333,1.2083333333333333,2025-10-11 15:53:38.850,15,1
1760198018850 (1).mp4,8,31.377181208053692,42.65335570469799,0.04194046585648148,0.034822468418400296,0.07110998163472741,0.2652399521273573,1.706639559233458,0.5,0.5,0.060694082754629626,0.055343721383592344,0.5594613200132382,0.4166173641408576,0.10817615664572101,0.8870129981774729,0.4782608695652174,6.0,0.20833333333333334,1.75,2025-10-11 15:53:38.850,15,1
1760198018850 (1).mp4,9,35.2993288590604,46.575503355704704,0.04969274450231481,0.0274299935166452,0.0598991203208764,0.2652399521273573,1.4375788877010336,0.5,0.5,0.07086208767361112,0.046255661643521157,0.45586347326597154,0.43755520603869047,0.06002615741450693,0.7235141575472085,0.4782608695652174,6.0,0.041666666666666664,2.25,2025-10-11 15:53:38.850,15,1
1760198018850 (1).mp4,10,39.22147651006712,50.497651006711415,0.039650788483796294,0.0230278632943155,0.024467169166234856,0.1685623155535948,0.5872120599896365,0.5,0.5,0.04885271990740741,0.03199383224787684,0.36462111658660445,0.30061857024912175,0.765563985919421,1.0674674840177703,0.5652173913043478,6.0,0.0,3.0,2025-10-11 15:53:38.850,15,1
1760198018850 (1).mp4,11,43.14362416107383,54.419798657718125,0.02557255497685185,0.007856124627862206,0.03972788884040011,0.709255115068608,0.9534693321696026,0.5,0.5,0.023775679976851854,0.01392814941102539,0.4608890131893426,0.5990306155101899,0.6345221771101579,1.66435654025948,0.6956521739130435,6.0,0.0,3.5833333333333335,2025-10-11 15:53:38.850,15,1
1760198018850 (1).mp4,12,47.06577181208054,58.341946308724836,0.019542643229166667,0.010049038763388932,0.13796815347958563,0.7531581474735453,3.311235683510055,0.5,0.5,0.014211877893518519,0.010499514846170179,0.4608890131893426,0.6742405762751463,0.05674922116227455,1.7797373583307512,0.7391304347826086,6.0,0.08333333333333333,3.5416666666666665,2025-10-11 15:53:38.850,15,1
1760198018850 (1).mp4,13,50.98791946308725,62.26409395973155,0.0157935474537037,0.005955577891429367,0.11936921365954456,0.7531581474735453,2.8648611278290694,0.5,0.5,0.01798068576388889,0.016248365673091514,0.43062247283507804,0.6742405762751463,0.23272430307106062,1.8072120988824723,0.6956521739130435,6.0,0.08333333333333333,2.5833333333333335,2025-10-11 15:53:38.850,15,1
1760198018850 (1).mp4,14,54.91006711409396,66.18624161073826,0.015,0.005046200949661049,0.086271914462496,0.7531581474735453,2.0705259470999042,0.5,0.5,0.024794921874999997,0.014284179384193352,0.3764896924143135,0.6557573683521992,0.067396980232228,1.7161830397046496,0.7391304347826086,6.0,0.08333333333333333,1.7916666666666667,2025-10-11 15:53:38.850,15,1
1760198018850 (1).mp4,15,58.83221476510067,70.10838926174497,0.013818901909722223,0.004965216300988169,0.01083318687235506,0.05155868878981532,0.25999648493652144,0.5,0.5,0.026380750868055552,0.012024137136439824,0.06240715535175356,0.047621928826845156,0.21372017881078118,1.566251693944498,0.6521739130434783,6.0,0.0,1.4166666666666667,2025-10-11 15:53:38.850,15,1
1760198052975 (1).mp4,0,0.0,11.060876369327072,0.05429361979166666,0.2022858306001875,0.09054394996923022,0.4553923272011026,2.1730547992615254,0.5,0.5,0.016100622106481482,0.028036445393975505,0.5628805947327361,0.47469751365810986,0.06591898046230574,1.09053013475876,0.5652173913043478,6.0,0.4583333333333333,0.8333333333333334,2025-10-11 15:54:12.975,15,1
1760198052975 (1).mp4,1,3.847261345852895,14.908137715179969,0.011928891782407407,0.01905330007916263,0.07189764327307069,0.4553923272011026,1.7255434385536965,0.625,0.375,0.015124240451388889,0.02845034615399751,0.5628805947327361,0.47469751365810986,0.09851225451602448,0.7549849607076051,0.34782608695652173,6.0,0.5833333333333334,0.6666666666666666,2025-10-11 15:54:12.975,15,1
1760198052975 (1).mp4,2,7.69452269170579,18.75539906103286,0.0028824869791666667,0.0022738972448686826,0.0413774588278844,0.385494388071189,0.9930590118692256,0.8333333333333334,0.16666666666666666,0.0012879774305555554,0.00280331381696037,0.1935449091873005,0.41786918465102774,0.19619163862227282,0.6710414546695296,0.30434782608695654,6.0,0.7916666666666666,0.20833333333333334,2025-10-11 15:54:12.975,15,1
1760198052975 (1).mp4,3,11.541784037558685,22.602660406885757,0.0016644965277777778,0.0020168754956574274,0.015036022043550123,0.36086452904520294,0.36086452904520294,0.9583333333333334,0.041666666666666664,0.0006051070601851852,0.0022513539188495743,0.12613835777254467,0.338101054451863,1.0,0.16764188276205214,0.08695652173913043,6.0,0.9166666666666666,0.08333333333333333,2025-10-11 15:54:12.975,15,1
1760198052975 (1).mp4,4,15.38904538341158,26.449921752738653,0.0019780815972222222,0.002316796508342256,0.02193039931160096,0.36086452904520294,0.5263295834784231,0.8333333333333334,0.16666666666666666,0.0012644675925925924,0.0027283250668898936,0.12613835777254467,0.338101054451863,0.3779206045526563,0.30212963344807714,0.17391304347826086,6.0,0.7916666666666666,0.20833333333333334,2025-10-11 15:54:12.975,15,1
1760198052975 (1).mp4,5,19.236306729264474,30.297183098591546,0.0008306206597222223,0.0015996585973648801,0.0007439684215473177,0.012829287571223175,0.017855242117135624,0.9166666666666666,0.08333333333333333,0.0006593605324074074,0.001791040162972274,0.0016319904499375593,0.01776454706978342,0.9991101303615184,0.134487750686025,0.08695652173913043,6.0,0.875,0.125,2025-10-11 15:54:12.975,15,1
1760198052975 (1).mp4,6,23.08356807511737,34.144444444444446,0.0009698712384259259,0.0015688178363967922,0.0007439684215473177,0.012829287571223175,0.017855242117135624,0.9166666666666666,0.08333333333333333,0.0006593605324074074,0.001791040162972274,0.0016319904499375593,0.01776454706978342,0.9991101303615184,0.134487750686025,0.08695652173913043,6.0,0.875,0.125,2025-10-11 15:54:12.975,15,1
1760198052975 (1).mp4,7,26.930829420970266,37.99170579029734,0.00031430844907407406,0.0003519267191616402,0.0,0.0,0.0,1.0,0.0,0.0,0.0,0.0,0.0,0.0,0.0,0.0,6.0,1.0,0.0,2025-10-11 15:54:12.975,15,1
1760198052975 (1).mp4,8,30.77809076682316,41.83896713615023,0.00034414785879629633,0.0003788817024290705,0.0,0.0,0.0,1.0,0.0,0.0,0.0,0.0,0.0,0.0,0.0,0.0,6.0,1.0,0.0,2025-10-11 15:54:12.975,15,1
1760198079586 (1).mp4,0,0.0,11.63056768558952,0.0452076099537037,0.20343186447941833,0.02755944803387091,0.26101920031933606,0.6614267528129019,0.8333333333333334,0.16666666666666666,0.002634910300925926,0.006103112592090044,0.1829732529731296,0.33438402946859225,0.27470569661629735,0.364372221634254,0.21739130434782608,6.0,0.7916666666666666,0.2916666666666667,2025-10-11 15:54:39.586,15,1
1760198079586 (1).mp4,1,4.045414847161572,15.675982532751092,0.001576605902777778,0.0031122812291289404,0.010875800013305669,0.26101920031933606,0.26101920031933606,0.9583333333333334,0.041666666666666664,0.0006846788194444445,0.002618415767949229,0.10685802111021436,0.23814362527633334,1.0,0.09991422640425687,0.08695652173913043,6.0,0.9166666666666666,0.125,2025-10-11 15:54:39.586,15,1
1760199074898 (1).mp4,0,0.0,10.911759868421052,0.049316948784722224,0.20318480084517423,0.029480860646243556,0.20982047101564588,0.7075406555098454,0.7916666666666666,0.20833333333333334,0.009932725694444445,0.02633583068233882,0.28308240020921993,0.20786399100630348,0.31535396945273647,0.447832148070411,0.2608695652173913,6.0,0.75,0.4583333333333333,2025-10-11 16:11:14.898,16,1
1760199074898 (1).mp4,1,3.795394736842105,14.707154605263156,0.029461082175925926,0.033193134608976514,0.04931954771618921,0.21626414866044835,1.183669145188541,0.5416666666666666,0.4583333333333333,0.048714192708333326,0.06188527678490564,0.565894949086459,0.4256576589554571,0.33915873014130654,0.377308934023792,0.21739130434782608,6.0,0.5,0.8333333333333334,2025-10-11 16:11:14.898,16,1
1760199074898 (1).mp4,2,7.59078947368421,18.50254934210526,0.037452618634259256,0.02905428596422591,0.05920567033588415,0.21626414866044835,1.4209360880612196,0.5,0.5,0.06970413773148147,0.05562519441554331,0.5306367635426495,0.4256576589554571,0.17499794710417546,0.6763620020298824,0.30434782608695654,6.0,0.20833333333333334,1.2083333333333333,2025-10-11 16:11:14.898,16,1
1760199074898 (1).mp4,3,11.386184210526315,22.297944078947367,0.03195348668981482,0.030154108979851827,0.046468289788397676,0.21626414866044835,1.1152389549215442,0.5,0.5,0.060716145833333325,0.05940340155568989,0.5306367635426495,0.4256576589554571,0.3751669004972981,0.7105358959673387,0.30434782608695654,6.0,0.3333333333333333,0.875,2025-10-11 16:11:14.898,16,1
1760199074898 (1).mp4,4,15.18157894736842,26.093338815789473,0.009248408564814814,0.014721512752335901,0.01123745395766118,0.09224575621717271,0.2696988949838683,0.7083333333333334,0.2916666666666667,0.02119249131944444,0.03728829604867527,0.0941197476734269,0.1477193654601649,0.649449279656971,0.40144102496995654,0.17391304347826086,6.0,0.6666666666666666,0.4166666666666667,2025-10-11 16:11:14.898,16,1
1760199074898 (1).mp4,5,18.976973684210524,29.888733552631578,0.0008501519097222221,0.0011977459372495914,0.0,0.0,0.0,1.0,0.0,0.0,0.0,0.0,0.0,0.0,0.0,0.0,6.0,1.0,0.0,2025-10-11 16:11:14.898,16,1
1760199110854 (1).mp4,0,0.0,10.956944444444444,0.05011592158564815,0.20313558301215393,0.02790659390350064,0.2394657361181077,0.6697582536840153,0.7916666666666666,0.20833333333333334,0.0126904296875,0.030258311422635704,0.16091973751858624,0.42057314327395146,0.49075027533966953,0.4868811219978654,0.2608695652173913,6.0,0.7083333333333334,0.625,2025-10-11 16:11:50.854,16,1
1760199110854 (1).mp4,1,3.811111111111111,14.768055555555556,0.008236219618055556,0.018211766330412552,0.0219343338646345,0.2394657361181077,0.526424012751228,0.8333333333333334,0.16666666666666666,0.011902850115740741,0.03033550237284684,0.16091973751858624,0.42057314327395146,0.8044397986689361,0.43470136187885833,0.21739130434782608,6.0,0.75,0.5416666666666666,2025-10-11 16:11:50.854,16,1
1760199110854 (1).mp4,2,7.622222222222222,18.579166666666666,0.0006902850115740742,0.0011125759322200789,0.0,0.0,0.0,1.0,0.0,0.0,0.0,0.0,0.0,0.0,0.0,0.0,6.0,1.0,0.0,2025-10-11 16:11:50.854,16,1
1760199786715 (1).mp4,0,0.0,11.52400835073069,0.06787941261574075,0.19982179842602948,0.08518930802748625,0.37429410560098036,2.04454339265967,0.5,0.5,0.04548213252314815,0.04507288035914292,0.5135100298730746,0.6158118101595125,0.10368652833310203,0.6512573758395808,0.391304347826087,6.0,0.2916666666666667,1.125,2025-10-11 16:23:06.715,16,1
1760199786715 (1).mp4,1,4.008350730688935,15.532359081419624,0.018088288483796296,0.023577635292005347,0.057949858031422045,0.37429410560098036,1.390796592754129,0.5833333333333334,0.4166666666666667,0.03201533564814815,0.04526109014388316,0.5135100298730746,0.6158118101595125,0.3107339294313449,0.5180618584399845,0.30434782608695654,6.0,0.5416666666666666,0.625,2025-10-11 16:23:06.715,16,1
1760199786715 (1).mp4,2,8.01670146137787,19.54070981210856,0.0017668547453703702,0.0032161915243877136,0.018066341251594186,0.37429410560098036,0.43359219003826044,0.9166666666666666,0.08333333333333333,0.0021348741319444447,0.008215494433138423,0.1750976716872279,0.33768336486206657,0.7615953983572468,0.2142060972743968,0.17391304347826086,6.0,0.875,0.16666666666666666,2025-10-11 16:23:06.715,16,1
1760199786715 (1).mp4,3,12.025052192066807,23.549060542797495,0.000653935185185185,0.0007246807943511868,0.0,0.0,0.0,1.0,0.0,0.0,0.0,0.0,0.0,0.0,0.0,0.0,6.0,1.0,0.0,2025-10-11 16:23:06.715,16,1
1760199805763 (1).mp4,0,0.0,12.052741935483871,0.04905689380787037,0.2029471937648686,0.025883625438239456,0.24946427665638235,0.621207010517747,0.6666666666666666,0.3333333333333333,0.012753906249999997,0.026060644409757392,0.12518488231596558,0.2576400749571078,0.21724977692215894,0.513120130135163,0.17391304347826086,6.0,0.625,0.7083333333333334,2025-10-11 16:23:25.763,16,1
1760199805763 (1).mp4,1,4.192258064516129,16.244999999999997,0.0014161964699074072,0.0047268681618368525,0.0107896374500658,0.24946427665638235,0.2589512988015792,0.9166666666666666,0.08333333333333333,0.0022849754050925926,0.00934965286229282,0.12004189491341344,0.2284611501644977,0.9966297972210348,0.21557466945539489,0.08695652173913043,6.0,0.875,0.16666666666666666,2025-10-11 16:23:25.763,16,1
1760199826255 (1).mp4,0,0.0,11.522200772200772,0.06239728009259259,0.20063488001181698,0.0759985587993478,0.21760121930176313,1.8239654111843473,0.5,0.5,0.03640805844907407,0.04005188086089318,0.5548442431403411,0.35559821640354916,0.0298564117993852,0.7012072865960424,0.43478260869565216,6.0,0.2916666666666667,1.0,2025-10-11 16:23:46.255,16,1
1760199826255 (1).mp4,1,4.007722007722008,15.529922779922781,0.013579644097222223,0.017779954244927308,0.05279200413540614,0.21760121930176313,1.2670080992497474,0.5416666666666666,0.4583333333333333,0.02173267505787037,0.034155545651236734,0.5548442431403411,0.35559821640354916,0.38495446417271495,0.6332642169366672,0.391304347826087,6.0,0.5,0.7083333333333334,2025-10-11 16:23:46.255,16,1
1760199826255 (1).mp4,2,8.015444015444016,19.53764478764479,0.0026081452546296295,0.004005170247373576,0.011337616869777745,0.21760121930176313,0.27210280487466587,0.875,0.125,0.002057472511574074,0.005015739607963347,0.09138636156669722,0.2444440907812574,0.9326309195135956,0.32497977872262584,0.17391304347826086,6.0,0.8333333333333334,0.25,2025-10-11 16:23:46.255,16,1
1760199826255 (1).mp4,3,12.023166023166024,23.545366795366796,0.0008177806712962964,0.0013262093553375231,0.0,0.0,0.0,1.0,0.0,0.0,0.0,0.0,0.0,0.0,0.0,0.0,6.0,1.0,0.0,2025-10-11 16:23:46.255,16,1
1760199849264 (1).mp4,0,0.0,11.257421875,0.04430591724537037,0.20358494052369164,0.026968332211759927,0.15407965005094282,0.6472399730822382,0.7083333333333334,0.2916666666666667,0.003245261863425926,0.005573450354654641,0.14417451266077164,0.20589238263288973,0.28038851260533554,0.49888453444458175,0.21739130434782608,6.0,0.6666666666666666,0.375,2025-10-11 16:24:09.264,16,1
1760199849264 (1).mp4,1,3.9156250000000004,15.173046875,0.0008506944444444444,0.0018372894076503765,0.0035088107541670337,0.08421145810000881,0.08421145810000881,0.9583333333333334,0.041666666666666664,0.0004761646412037037,0.0016149624691856412,0.08410231284354341,0.004286099590104286,1.0,0.004427727805865505,0.0,6.0,0.9166666666666666,0.125,2025-10-11 16:24:09.264,16,1
1760199946708 (1).mp4,0,0.0,11.786476868327403,0.042738715277777777,0.20390416568877628,0.0,0.0,0.0,1.0,0.0,0.0003965928819444444,0.001942900392767473,0.0,0.0,0.0,0.0,0.0,6.0,0.9583333333333334,0.041666666666666664,2025-10-11 16:25:46.708,16,1
1760199946708 (1).mp4,1,4.099644128113879,15.886120996441282,6.401909722222221e-05,0.00014573900512483345,0.0,0.0,0.0,1.0,0.0,0.0,0.0,0.0,0.0,0.0,0.0,0.0,5.0,1.0,0.0,2025-10-11 16:25:46.708,16,1
1760200120433 (1).mp4,0,0.0,11.271204188481676,0.04278428819444444,0.2039214906001982,0.0017669724109016522,0.04240733786163965,0.04240733786163965,0.9583333333333334,0.041666666666666664,0.0013585069444444445,0.004777891714196604,0.03675771865223976,0.021148343291947036,1.0,0.2277825803711769,0.08695652173913043,6.0,0.9166666666666666,0.16666666666666666,2025-10-11 16:28:40.433,16,1
1760200120433 (1).mp4,1,3.9204188481675395,15.191623036649215,0.0003309461805555555,0.0005493037120139292,0.0,0.0,0.0,1.0,0.0,0.0,0.0,0.0,0.0,0.0,0.0,0.0,6.0,1.0,0.0,2025-10-11 16:28:40.433,16,1
1760200189083 (1).mp4,0,0.0,12.0,0.06134078414351852,0.20093141901546713,0.06802868075672071,0.3107430720963101,1.6326883381612969,0.5,0.5,0.03231589988425926,0.04197974136901416,0.3335143012900099,0.4198128257111301,0.05803625166321502,1.0786854409150748,0.5217391304347826,6.0,0.3333333333333333,1.0833333333333333,2025-10-11 16:29:49.083,16,1
1760200189083 (1).mp4,1,4.173913043478261,16.17391304347826,0.01654351128472222,0.019922199451828167,0.08610333872673352,0.3522883276712471,2.0664801294416044,0.5,0.5,0.024811921296296297,0.03900746690860353,0.3705317486678932,0.4198128257111301,0.10262301443824928,0.9022351449047024,0.4782608695652174,6.0,0.4166666666666667,0.8333333333333334,2025-10-11 16:29:49.083,16,1
1760200189083 (1).mp4,2,8.347826086956522,20.34782608695652,0.006890733506944444,0.005705883402575225,0.05506923332986599,0.3522883276712471,1.3216615999167838,0.5,0.5,0.006287073206018519,0.008087351466723701,0.30743922296830994,0.2737595404526028,0.24863505018544557,1.2525366182039326,0.5217391304347826,6.0,0.4166666666666667,0.75,2025-10-11 16:29:49.083,16,1
1760200189083 (1).mp4,3,12.521739130434781,24.52173913043478,0.009831090856481482,0.005929518135317759,0.055009576858399994,0.4403616255645123,1.3202298446015999,0.5,0.5,0.010308159722222222,0.010667506800689668,0.318640530076821,0.4025929896443616,0.12038841874341202,1.469090398471024,0.5652173913043478,6.0,0.25,1.0416666666666667,2025-10-11 16:29:49.083,16,1
1760200189083 (1).mp4,4,16.695652173913043,28.695652173913043,0.012765661168981481,0.005988264145530863,0.03954916166858913,0.4403616255645123,0.9491798800461391,0.5,0.5,0.01424442997685185,0.012242918717380471,0.28961677093041294,0.4089650859998478,0.40838603087543823,1.8724116452722686,0.7391304347826086,6.0,0.125,1.5,2025-10-11 16:29:49.083,16,1
1760200189083 (1).mp4,5,20.869565217391305,32.869565217391305,0.009788592303240742,0.008178051402689561,0.03143477300855336,0.4403616255645123,0.7544345522052806,0.5,0.5,0.01062717013888889,0.014030997000474336,0.28961677093041294,0.4089650859998478,0.4588179426138553,1.2022235718650744,0.4782608695652174,6.0,0.4583333333333333,1.0833333333333333,2025-10-11 16:29:49.083,16,1
1760200189083 (1).mp4,6,25.043478260869563,37.04347826086956,0.008095883969907408,0.00715458155033743,0.03015646870859898,0.21307182491627286,0.7237552490063756,0.5,0.5,0.0080029296875,0.01101055655650349,0.20032050163137627,0.1410856751574411,0.2828927811074941,1.2629909457615371,0.4782608695652174,6.0,0.4583333333333333,1.125,2025-10-11 16:29:49.083,16,1
1760200189083 (1).mp4,7,29.217391304347824,41.21739130434782,0.006731228298611111,0.0049720406391931754,0.020217041040572065,0.16539999602342445,0.48520898497372955,0.5,0.5,0.007286964699074074,0.007289080790566058,0.10785640588189149,0.13356248240179364,0.042836830719778875,1.1586958358608213,0.5217391304347826,6.0,0.4166666666666667,0.9166666666666666,2025-10-11 16:29:49.083,16,1
1760200189083 (1).mp4,8,33.391304347826086,45.391304347826086,0.006855649594907407,0.004862256529665332,0.020217041040572065,0.16539999602342445,0.48520898497372955,0.5,0.5,0.007286964699074074,0.007289080790566058,0.10785640588189149,0.13356248240179364,0.042836830719778875,1.158695835860821,0.5217391304347826,6.0,0.4166666666666667,0.9166666666666666,2025-10-11 16:29:49.083,16,1
1760200189083 (1).mp4,9,37.565217391304344,49.565217391304344,0.0038322844328703702,0.004639116102255886,0.0011303323520705994,0.009274603748609904,0.027127976449694387,0.7916666666666666,0.20833333333333334,0.004087275752314815,0.0068344597862182105,0.011843781477092086,0.008851943151768293,0.41077251479620597,0.36877054256859426,0.17391304347826086,6.0,0.7083333333333334,0.4166666666666667,2025-10-11 16:29:49.083,16,1
1760200189083 (1).mp4,10,41.73913043478261,53.7391304347826,0.003296079282407407,0.0036747700353618315,0.006093001153941426,0.06967117028863942,0.14623202769459423,0.7916666666666666,0.20833333333333334,0.0037367983217592594,0.006122389323564261,0.06704086728135505,0.033836273584989224,0.4585694418218888,0.6683169493179327,0.2608695652173913,6.0,0.6666666666666666,0.375,2025-10-11 16:29:49.083,16,1
1760200189083 (1).mp4,11,45.91304347826087,57.91304347826087,0.0049853515624999995,0.0035180817248965258,0.0072222557142291475,0.06967117028863942,0.17333413714149953,0.75,0.25,0.007108470775462963,0.006033233323919456,0.07206271203103298,0.03427796222876919,0.42288853304389284,1.1519553482633629,0.4782608695652174,6.0,0.3333333333333333,0.7083333333333334,2025-10-11 16:29:49.083,16,1
1760200189083 (1).mp4,12,50.086956521739125,62.086956521739125,0.005619936342592592,0.0027538276702269112,0.0072222557142291475,0.06967117028863942,0.17333413714149953,0.75,0.25,0.007108470775462963,0.006033233323919455,0.07206271203103298,0.03427796222876919,0.42288853304389284,1.2111107626471713,0.5217391304347826,6.0,0.3333333333333333,0.7083333333333334,2025-10-11 16:29:49.083,16,1
1760200577164 (1).mp4,0,0.0,11.429591836734694,0.0670603660300926,0.2005268995598392,0.0778968268919693,0.44036907032388883,1.8695238454072634,0.5,0.5,0.05381799768518519,0.06464933517202369,0.5487052170996454,0.5690916481930802,0.08039651684219397,0.6451971989318807,0.391304347826087,6.0,0.4583333333333333,0.875,2025-10-11 16:36:17.164,16,1
1760200577164 (1).mp4,1,3.975510204081633,15.405102040816326,0.01585033275462963,0.0232156741268358,0.05460658990112785,0.44036907032388883,1.3105581576270684,0.6666666666666666,0.3333333333333333,0.031749131944444446,0.04956886184490067,0.5487052170996454,0.5492885031664325,0.3752402942589055,0.5239967439008603,0.2608695652173913,6.0,0.625,0.5416666666666666,2025-10-11 16:36:17.164,16,1
1760200577164 (1).mp4,2,7.951020408163266,19.38061224489796,0.0009107349537037036,0.0025128041414541153,0.0,0.0,0.0,1.0,0.0,0.00022605613425925926,0.001107444364322545,0.0,0.0,0.0,0.0,0.0,6.0,0.9583333333333334,0.08333333333333333,2025-10-11 16:36:17.164,16,1
1760200577164 (1).mp4,3,11.926530612244898,23.35612244897959,0.0002851924189814815,0.00040541535921920604,0.0,0.0,0.0,1.0,0.0,0.0,0.0,0.0,0.0,0.0,0.0,0.0,6.0,1.0,0.0,2025-10-11 16:36:17.164,16,1
1760200600427 (1).mp4,0,0.0,11.488753056234719,0.060635489004629624,0.20174521587056254,0.06362257207325249,0.46678477773268373,1.5269417297580596,0.625,0.375,0.035257703993055556,0.0518907066850918,0.5104125429246762,0.5741043184522798,0.12125667597471403,0.47316571296786136,0.30434782608695654,6.0,0.5833333333333334,0.6666666666666666,2025-10-11 16:36:40.427,16,1
1760200600427 (1).mp4,1,3.9960880195599024,15.484841075794622,0.010954861111111111,0.020505479839954262,0.04373679527398827,0.46678477773268373,1.0496830865757185,0.7916666666666666,0.20833333333333334,0.021027379918981483,0.04356237189934574,0.4776019140172462,0.5741043184522798,0.5066211693212719,0.38402722151257146,0.2608695652173913,6.0,0.75,0.2916666666666667,2025-10-11 16:36:40.427,16,1
1760200600427 (1).mp4,2,7.992176039119805,19.480929095354526,0.0016144024884259258,0.002505766782924796,0.0052080398154238485,0.11167863706713678,0.12499295557017236,0.9166666666666666,0.08333333333333333,0.0008313440393518519,0.0019041153673272971,0.09672961408747338,0.055816661810446255,0.8109526466122674,0.27568214702068444,0.13043478260869565,6.0,0.8333333333333334,0.2916666666666667,2025-10-11 16:36:40.427,16,1
1760200627270 (1).mp4,0,0.0,11.716981132075471,0.05940013744212962,0.20214041566588026,0.06043077789145971,0.4862935161328051,1.450338669395033,0.7083333333333334,0.2916666666666667,0.03494484230324074,0.06099144913003115,0.5467264912453971,0.571563488757058,0.1512508287816847,0.3673302801616466,0.17391304347826086,6.0,0.6666666666666666,0.5833333333333334,2025-10-11 16:37:07.270,16,1
1760200627270 (1).mp4,1,4.0754716981132075,15.792452830188678,0.010637478298611112,0.02189926892823205,0.04502580818565639,0.4862935161328051,1.0806193964557533,0.8333333333333334,0.16666666666666666,0.020707465277777778,0.04575007923039548,0.5467264912453971,0.571563488757058,0.5037816907959874,0.2615593073878757,0.13043478260869565,6.0,0.7916666666666666,0.2916666666666667,2025-10-11 16:37:07.270,16,1
1760200627270 (1).mp4,2,8.150943396226415,19.867924528301884,0.00047327112268518513,0.0011493522463487536,0.0,0.0,0.0,1.0,0.0,0.0,0.0,0.0,0.0,0.0,0.0,0.0,6.0,1.0,0.0,2025-10-11 16:37:07.270,16,1
1760200627270 (1).mp4,3,12.226415094339622,23.943396226415093,0.0008805338541666667,0.0012569010933741083,0.0,0.0,0.0,1.0,0.0,0.0,0.0,0.0,0.0,0.0,0.0,0.0,6.0,1.0,0.0,2025-10-11 16:37:07.270,16,1
1760200631663 (1).mp4,0,0.0,11.522200772200772,0.06484374999999999,0.20060678461509932,0.07582406848026589,0.37444701479886766,1.8197776435263813,0.5,0.5,0.04193377459490741,0.04711773484135241,0.6167577541029989,0.5016950685859647,0.07226150158190284,0.9082796967432278,0.43478260869565216,6.0,0.3333333333333333,1.0,2025-10-11 16:37:11.663,16,1
1760200631663 (1).mp4,1,4.007722007722008,15.529922779922781,0.013616174768518516,0.020546492704506838,0.049640737767383085,0.37444701479886766,1.191377706417194,0.5416666666666666,0.4583333333333333,0.021622902199074073,0.03838072719193038,0.6167577541029989,0.44711828394750397,0.4386714091908654,1.0646993610382791,0.5217391304347826,6.0,0.5,0.625,2025-10-11 16:37:11.663,16,1
1760200631663 (1).mp4,2,8.015444015444016,19.53764478764479,0.011819118923611113,0.020760522104455902,0.04201904758918231,0.37444701479886766,1.0084571421403754,0.6666666666666666,0.3333333333333333,0.017936197916666664,0.03707475285327072,0.6167577541029989,0.348790991756572,0.5844810893915329,0.5280107340435288,0.2608695652173913,6.0,0.625,0.5,2025-10-11 16:37:11.663,16,1
1760200631663 (1).mp4,3,12.023166023166024,23.545366795366796,0.0012150969328703703,0.0014626120021529125,0.00013519763772546715,0.0032447433054112115,0.0032447433054112115,0.9583333333333334,0.041666666666666664,0.0003358289930555556,0.0011384886578544484,0.001555467856584336,0.002847609324528877,1.0,0.18006481944813046,0.08695652173913043,6.0,0.9166666666666666,0.08333333333333333,2025-10-11 16:37:11.663,16,1
1760200745962 (1).mp4,0,0.0,12.004744958481613,0.06653736255787036,0.2004685495458584,0.07153151504512262,0.26029670344106987,1.7167563610829428,0.5,0.5,0.04517777054398148,0.06020577207311351,0.5871525386702067,0.34465656213966556,0.05210945121714131,0.8538123010250922,0.391304347826087,6.0,0.2916666666666667,1.0416666666666667,2025-10-11 16:39:05.962,16,1
1760200745962 (1).mp4,1,4.1755634638196915,16.180308422301305,0.017163990162037037,0.021266759699417968,0.051518298018416286,0.26029670344106987,1.2364391524419909,0.5,0.5,0.027554615162037038,0.03745277688577638,0.5871525386702067,0.3240521308591766,0.36867409485769215,0.790575873921308,0.34782608695652173,6.0,0.375,0.875,2025-10-11 16:39:05.962,16,1
1760200745962 (1).mp4,2,8.351126927639383,20.355871886120994,0.014642650462962961,0.022164743979431762,0.03591343592884571,0.26029670344106987,0.861922462292297,0.6666666666666666,0.3333333333333333,0.023474934895833337,0.0403482603817702,0.4289453568193647,0.26771207043480516,0.4170103582847489,0.49674879129531685,0.21739130434782608,6.0,0.625,0.5833333333333334,2025-10-11 16:39:05.962,16,1
1760200745962 (1).mp4,3,12.526690391459073,24.531435349940686,0.011691261574074074,0.015252028012789829,0.028184902988903405,0.14457650111291603,0.6764376717336817,0.625,0.375,0.02042896412037037,0.033351182361524304,0.47505298358192133,0.13623587269368592,0.730594928823065,0.6268189402830412,0.30434782608695654,6.0,0.5833333333333334,0.5,2025-10-11 16:39:05.962,16,1
1760200745962 (1).mp4,4,16.702253855278766,28.70699881376038,0.02042769820601852,0.01684627591209982,0.04940556716939636,0.14717784455813843,1.1857336120655126,0.5,0.5,0.036218352141203704,0.039040867380367474,0.39411847787778814,0.27191951476267945,0.1814300114815603,0.89825525606749,0.391304347826087,6.0,0.375,0.875,2025-10-11 16:39:05.962,16,1
1760200745962 (1).mp4,5,20.877817319098458,32.88256227758007,0.018292281539351852,0.017348885526855266,0.04430623033712989,0.14717784455813843,1.0633495280911174,0.5,0.5,0.03248842592592593,0.03798932930547959,0.3832217582052086,0.27191951476267945,0.2625371656210339,0.8982552560674901,0.391304347826087,6.0,0.4166666666666667,0.8333333333333334,2025-10-11 16:39:05.962,16,1
1760200745962 (1).mp4,6,25.053380782918147,37.05812574139976,0.009556749131944443,0.015816705043348835,0.02192749258344325,0.14717784455813843,0.526259822002638,0.7916666666666666,0.20833333333333334,0.015976743344907406,0.03285920224226985,0.35074703993805023,0.2437020646759906,0.7822887407218012,0.149783330439483,0.043478260869565216,6.0,0.75,0.4166666666666667,2025-10-11 16:39:05.962,16,1
1760200745962 (1).mp4,7,29.22894424673784,41.233689205219456,0.00046440972222222223,0.0002613835713277282,0.0,0.0,0.0,1.0,0.0,0.0,0.0,0.0,0.0,0.0,0.0,0.0,6.0,1.0,0.0,2025-10-11 16:39:05.962,16,1
1760200771509 (1).mp4,0,0.0,11.368421052631577,0.07244918258101853,0.19990885150347476,0.07323762204169881,0.2941113960683039,1.7577029290007715,0.5,0.5,0.061506257233796297,0.07539704791032928,0.5511962702269153,0.47433216753616547,0.03378569605720636,0.6213858208401859,0.2608695652173913,6.0,0.4166666666666667,0.9166666666666666,2025-10-11 16:39:31.509,16,1
1760200771509 (1).mp4,1,3.9542334096109837,15.32265446224256,0.029673032407407405,0.030783276164376913,0.07663000170424888,0.2941113960683039,1.8391200409019732,0.5,0.5,0.05919343171296296,0.07569634931535844,0.5511962702269153,0.47433216753616547,0.06872501937974429,0.9439169895107571,0.391304347826087,6.0,0.3333333333333333,0.9583333333333334,2025-10-11 16:39:31.509,16,1
1760200771509 (1).mp4,2,7.908466819221967,19.276887871853546,0.007598922164351852,0.0161068230814999,0.02769562938573092,0.21399957895845712,0.664695105257542,0.7083333333333334,0.2916666666666667,0.014760380497685183,0.04198120271709458,0.19363309303546994,0.30804166638123026,0.3074474802471178,0.6707350196333838,0.2608695652173913,6.0,0.6666666666666666,0.375,2025-10-11 16:39:31.509,16,1
1760200771509 (1).mp4,3,11.862700228832951,23.231121281464528,0.0010277416087962963,0.0018121161900054841,0.0005243447477088381,0.009362962224690302,0.012584273945012115,0.9166666666666666,0.08333333333333333,0.0008610026041666667,0.002328497802482359,0.0018399927848584685,0.00918038605793059,0.48829231071941814,0.2700650487856425,0.13043478260869565,6.0,0.875,0.125,2025-10-11 16:39:31.509,16,1
1760200814999 (1).mp4,0,0.0,11.604545454545454,0.061064633969907404,0.20172764704467214,0.06210631461031021,0.36418749079727375,1.490551550647445,0.5,0.5,0.035807472511574075,0.05250732164077666,0.5061098800459797,0.4680368813245475,0.13431327349300803,0.970081084262061,0.4782608695652174,6.0,0.4583333333333333,0.9583333333333334,2025-10-11 16:40:14.999,16,1
1760200814999 (1).mp4,1,4.036363636363636,15.64090909090909,0.017511574074074072,0.02625382756321903,0.05964062271472315,0.36418749079727375,1.4313749451533557,0.5416666666666666,0.4583333333333333,0.03259729456018519,0.05223101224691134,0.5061098800459797,0.4680368813245475,0.17454393743400837,0.945317084859832,0.4782608695652174,6.0,0.5,0.875,2025-10-11 16:40:14.999,16,1
1760200814999 (1).mp4,2,8.072727272727272,19.677272727272726,0.0015232566550925925,0.0028373882605075462,0.0062959711345784075,0.11416898799072042,0.15110330722988177,0.875,0.125,0.002217520254629629,0.006482261472129813,0.10230346385542166,0.06160112892118341,0.7329003599958634,0.25348700326286416,0.08695652173913043,6.0,0.8333333333333334,0.16666666666666666,2025-10-11 16:40:14.999,16,1
1760200814999 (1).mp4,3,12.10909090909091,23.71363636363636,0.00017505787037037037,0.0002229254708939293,0.0,0.0,0.0,1.0,0.0,0.0,0.0,0.0,0.0,0.0,0.0,0.0,6.0,1.0,0.0,2025-10-11 16:40:14.999,16,1
1760201986069 (1).mp4,0,0.0,11.541218637992833,0.04429886429398148,0.20362196201513807,0.0032210292548894813,0.0640389992212221,0.07730470211734755,0.9166666666666666,0.08333333333333333,0.003165509259259259,0.013371931997900526,0.026073507462284207,0.06107241793699719,0.7258629500325129,0.2731819698773733,0.13043478260869565,6.0,0.875,0.125,2025-10-11 16:59:46.069,16,1
1760201989080 (1).mp4,0,0.0,11.535937500000001,0.042969292534722224,0.20387003448284316,0.014109158557612892,0.16102536355053412,0.3386198053827094,0.875,0.125,0.0023710575810185187,0.006631079330936188,0.08622892440555552,0.17192282162452704,0.21305234352582636,0.2705418524720676,0.13043478260869565,6.0,0.8333333333333334,0.16666666666666666,2025-10-11 16:59:49.080,16,1
1760201989080 (1).mp4,1,4.0125,15.5484375,6.329571759259259e-06,3.1008442201031264e-05,0.0,0.0,0.0,1.0,0.0,0.0,0.0,0.0,0.0,0.0,0.0,0.0,1.0,1.0,0.0,2025-10-11 16:59:49.080,16,1
1760202000265 (1).mp4,0,0.0,11.521335807050093,0.04950611255787037,0.20300725259520508,0.017575028095668018,0.15053079042360049,0.4218006742960324,0.7916666666666666,0.20833333333333334,0.012259476273148148,0.026257555144561934,0.1308139419069555,0.2257818176742143,0.5610476693273666,0.39753552565776146,0.17391304347826086,6.0,0.75,0.5,2025-10-11 17:00:00.265,17,1
1760202000265 (1).mp4,1,4.007421150278294,15.528756957328387,0.009629810474537037,0.016357488570893575,0.007748177686654364,0.04837365426243962,0.18595626447970473,0.75,0.25,0.01349681712962963,0.026092672933322653,0.04155875797384445,0.14319408809525686,0.770047440462821,0.3351880353012819,0.17391304347826086,6.0,0.7083333333333334,0.5833333333333334,2025-10-11 17:00:00.265,17,1
1760202000265 (1).mp4,2,8.014842300556587,19.53617810760668,0.009657298900462965,0.01634102664274936,0.007748177686654364,0.04837365426243962,0.18595626447970473,0.75,0.25,0.01349681712962963,0.026092672933322653,0.04155875797384445,0.14319408809525686,0.770047440462821,0.33518803530128194,0.17391304347826086,6.0,0.7083333333333334,0.5833333333333334,2025-10-11 17:00:00.265,17,1
1760202000265 (1).mp4,3,12.02226345083488,23.543599257884974,0.004523654513888889,0.01015327033963174,0.0026141122732828838,0.03663218673241061,0.06273869455878921,0.875,0.125,0.005120081018518519,0.012783343614524328,0.008219593213577792,0.05980660391206194,0.9534842115872963,0.1695754902720371,0.13043478260869565,6.0,0.8333333333333334,0.25,2025-10-11 17:00:00.265,17,1
1760202033789 (1).mp4,0,0.0,11.533823529411764,0.042844871238425924,0.20390257867365383,0.0022274904896973486,0.05345977175273636,0.05345977175273636,0.9583333333333334,0.041666666666666664,0.0015986689814814815,0.005744270775881287,0.04940620936217455,0.020419933210362007,1.0,0.03408043933090581,0.0,6.0,0.9166666666666666,0.125,2025-10-11 17:00:33.789,17,1
1760202033789 (1).mp4,1,4.011764705882353,15.545588235294117,1.826533564814815e-05,8.948150463726164e-05,0.0,0.0,0.0,1.0,0.0,0.0,0.0,0.0,0.0,0.0,0.0,0.0,1.0,1.0,0.0,2025-10-11 17:00:33.789,17,1
1760202040479 (1).mp4,0,0.0,11.525,0.07122630931712963,0.20000364574432442,0.06782314064201748,0.2471256557686023,1.6277553754084197,0.5,0.5,0.055440899884259265,0.059912653020283264,0.5161477502463254,0.5758609637038633,0.08691452791817382,0.6112913356236519,0.2608695652173913,6.0,0.4583333333333333,0.9583333333333334,2025-10-11 17:00:40.479,17,1
1760202040479 (1).mp4,1,4.0086956521739125,15.533695652173913,0.020934968171296295,0.026556084825024345,0.04703775466581902,0.22897850152183302,1.1289061119796564,0.625,0.375,0.03772659866898148,0.050355679229361794,0.5161477502463254,0.5657500177672135,0.5107766036085181,0.5374394263534904,0.21739130434782608,6.0,0.5833333333333334,0.6666666666666666,2025-10-11 17:00:40.479,17,1
1760202040479 (1).mp4,2,8.017391304347825,19.542391304347824,0.0025508174189814814,0.007485362995411816,0.0016369684065824057,0.03928724175797774,0.03928724175797774,0.9583333333333334,0.041666666666666664,0.004430157696759259,0.018153529734313112,0.013092611290145051,0.03704147532908153,1.0,0.1661346586208292,0.08695652173913043,6.0,0.9166666666666666,0.20833333333333334,2025-10-11 17:00:40.479,17,1
1760202044125 (1).mp4,0,0.0,11.542592592592593,0.06843840422453705,0.2001374210497797,0.056835033239981035,0.17228825983571489,1.3640407977595448,0.5,0.5,0.05214174623842593,0.05573628125786087,0.5532690194592961,0.5395428429821092,0.20804234752681233,0.6174649267266161,0.2608695652173913,6.0,0.375,0.8333333333333334,2025-10-11 17:00:44.125,17,1
1760202044125 (1).mp4,1,4.014814814814815,15.557407407407409,0.032918113425925925,0.024326538402358967,0.06892065548000388,0.17228825983571489,1.6540957315200933,0.5,0.5,0.06545536747685186,0.05726231942878897,0.5986641206218632,0.5395428429821092,0.09239369975774774,0.7592405659067213,0.30434782608695654,6.0,0.16666666666666666,1.125,2025-10-11 17:00:44.125,17,1
1760202044125 (1).mp4,2,8.02962962962963,19.572222222222223,0.021208948206018523,0.026881913761114595,0.04003875419789182,0.15873183478927255,0.9609301007494035,0.5416666666666666,0.4583333333333333,0.04109049479166666,0.05797103170296357,0.5986641206218632,0.3556648430754444,0.6204647897722932,0.3212940437735706,0.08695652173913043,6.0,0.5,0.6666666666666666,2025-10-11 17:00:44.125,17,1
1760202044125 (1).mp4,3,12.044444444444446,23.58703703703704,0.010188078703703703,0.019567136443392096,0.015934704273408432,0.13097704783654351,0.3824329025618024,0.75,0.25,0.020544524016203703,0.04611725027535694,0.16156266651786821,0.34072283270955983,0.9804477442238219,0.22368864750217476,0.08695652173913043,6.0,0.7083333333333334,0.4166666666666667,2025-10-11 17:00:44.125,17,1
1760202070801 (1).mp4,0,0.0,12.106478102189781,0.07110152633101852,0.19890957039727902,0.0800525150188411,0.22780498333326227,1.9212603604521865,0.5,0.5,0.052209563078703704,0.04224661274961477,0.5293139589884747,0.5036811843866857,0.1609275094859855,0.7981367713454425,0.43478260869565216,6.0,0.16666666666666666,1.4166666666666667,2025-10-11 17:01:10.801,17,1
1760202070801 (1).mp4,1,4.210948905109489,16.31742700729927,0.026162471064814813,0.018875982311108354,0.06613243202789917,0.21902313316895688,1.5871783686695802,0.5,0.5,0.045479239004629635,0.036278645345154674,0.5293139589884747,0.5036811843866857,0.22151751838552383,1.206281397896114,0.6521739130434783,6.0,0.08333333333333333,1.5,2025-10-11 17:01:10.801,17,1
1760202070801 (1).mp4,2,8.421897810218978,20.52837591240876,0.011862340856481482,0.011250926021530619,0.04673921055163891,0.27912124916825704,1.121741053239334,0.5,0.5,0.018430627893518518,0.02444291043958405,0.25576417249921113,0.33235270748466567,0.3502935450641643,1.1636488915673673,0.6521739130434783,6.0,0.25,1.2083333333333333,2025-10-11 17:01:10.801,17,1
1760202070801 (1).mp4,3,12.632846715328467,24.73932481751825,0.006787471064814816,0.006636087886486081,0.022668121246780207,0.27912124916825704,0.544034909922725,0.5416666666666666,0.4583333333333333,0.008310727719907407,0.012323476331304664,0.25576417249921113,0.20686771813376548,0.4371300612272486,0.9953400313062694,0.4782608695652174,6.0,0.5,0.7916666666666666,2025-10-11 17:01:10.801,17,1
1760202070801 (1).mp4,4,16.843795620437955,28.950273722627735,0.0026897063078703703,0.002077427247240641,0.006552764217117864,0.0960779044035968,0.15726634121082872,0.8333333333333334,0.16666666666666666,0.0011281105324074073,0.0022841506777193394,0.05366696561711559,0.09509401906711568,0.6878639882356727,0.4730525801270099,0.21739130434782608,6.0,0.7916666666666666,0.20833333333333334,2025-10-11 17:01:10.801,17,1
1760202102156 (1).mp4,0,0.0,10.84705882352941,0.05540780526620371,0.2026646883580449,0.04148555447034142,0.4938638074684457,0.9956533072881941,0.75,0.25,0.02937518084490741,0.05878981720039623,0.1717635318589632,0.4937788274354654,0.25204647582432804,0.6213586415798468,0.2608695652173913,6.0,0.7083333333333334,0.6666666666666666,2025-10-11 17:01:42.156,17,1
1760202102156 (1).mp4,1,3.7728900255754474,14.619948849104858,0.008983470775462963,0.01982670941592614,0.03101793770695953,0.4938638074684457,0.7444305049670288,0.8333333333333334,0.16666666666666666,0.01902416087962963,0.05036779496471884,0.1717635318589632,0.4937788274354654,0.5242729518332762,0.4991119816760115,0.21739130434782608,6.0,0.7916666666666666,0.5,2025-10-11 17:01:42.156,17,1
1760202102156 (1).mp4,2,7.545780051150895,18.392838874680304,2.1339699074074077e-05,6.344009406711983e-05,0.0,0.0,0.0,1.0,0.0,0.0,0.0,0.0,0.0,0.0,0.0,0.0,3.0,1.0,0.0,2025-10-11 17:01:42.156,17,1
1760202102156 (1).mp4,3,11.318670076726342,22.165728900255754,4.3945312500000005e-05,9.394961237900634e-05,0.0,0.0,0.0,1.0,0.0,0.0,0.0,0.0,0.0,0.0,0.0,0.0,5.0,1.0,0.0,2025-10-11 17:01:42.156,17,1
1760202136847 (1).mp4,0,0.0,11.077078085642317,0.05436921296296296,0.2021871450330388,0.05273851470979929,0.5190027847722155,1.265724353035183,0.5833333333333334,0.4166666666666667,0.02053584346064815,0.037213407431251545,0.5350304819766459,0.21660091443650864,0.1354383347401198,0.7357004150813352,0.34782608695652173,6.0,0.5416666666666666,0.7916666666666666,2025-10-11 17:02:16.847,17,1
1760202136847 (1).mp4,1,3.852896725440806,14.929974811083122,0.004087999131944444,0.007729143560585049,0.03138200563219314,0.5190027847722155,0.7531681351726354,0.7916666666666666,0.20833333333333334,0.0038686342592592596,0.009274689260399711,0.5350304819766459,0.21660091443650864,0.6733097417050458,0.5063712539625599,0.30434782608695654,6.0,0.75,0.5,2025-10-11 17:02:16.847,17,1
1760202136847 (1).mp4,2,7.705793450881612,18.782871536523928,0.0001296657986111111,0.00034767556196814274,0.0,0.0,0.0,1.0,0.0,0.0,0.0,0.0,0.0,0.0,0.0,0.0,6.0,1.0,0.0,2025-10-11 17:02:16.847,17,1
1760202136847 (1).mp4,3,11.558690176322418,22.635768261964735,0.0011640986689814815,0.002240023600474921,0.00015590135943167424,0.0033845581998865094,0.0037416326263601815,0.9583333333333334,0.041666666666666664,0.0006418185763888889,0.0014678278489988076,0.002393436639064772,0.002563928106009694,0.9175264787220396,0.21142547332093486,0.13043478260869565,6.0,0.8333333333333334,0.3333333333333333,2025-10-11 17:02:16.847,17,1
1760202164760 (1).mp4,0,0.0,11.53524004085802,0.05531557436342593,0.2021782721883682,0.05661421502549765,0.432466801945364,1.3587411606119435,0.625,0.375,0.009668330439814814,0.01707013786968722,0.24409363088283575,0.3777255951620966,0.18173857984619599,0.5825109035421678,0.2608695652173913,6.0,0.5833333333333334,1.4583333333333333,2025-10-11 17:02:44.760,17,1
1760202164760 (1).mp4,1,4.012257405515832,15.547497446373852,0.07060709635416666,0.10106803526341494,0.06257198755828337,0.23329511378383047,1.5017277013988009,0.5,0.5,0.13177047164351852,0.21724944262818613,0.39897762987149754,0.2913135829479183,0.2466482811519726,0.760112627288985,0.30434782608695654,6.0,0.375,3.2916666666666665,2025-10-11 17:02:44.760,17,1
1760202164760 (1).mp4,2,8.024514811031665,19.559754851889682,0.11125379774305556,0.09670155982094876,0.07898778506019587,0.3335809941905151,1.8957068414447007,0.5,0.5,0.21290816695601852,0.2122211996623708,0.5048182457676985,0.3337604186499813,0.1666647118039887,1.026311116682767,0.43478260869565216,6.0,0.125,3.9583333333333335,2025-10-11 17:02:44.760,17,1
1760202164760 (1).mp4,3,12.036772216547497,23.572012257405515,0.1199562355324074,0.09099615881763737,0.12077937050933302,0.5698180012433395,2.8987048922239924,0.5,0.5,0.22130967881944444,0.20524449660684876,0.5048182457676985,0.5373834772088535,0.1091616209659295,1.2585956964857636,0.5652173913043478,6.0,0.041666666666666664,4.458333333333333,2025-10-11 17:02:44.760,17,1
1760202164760 (1).mp4,4,16.04902962206333,27.584269662921347,0.07236906828703704,0.057925735321240984,0.10861911482921675,0.5698180012433395,2.606858755901202,0.5,0.5,0.11760543258101851,0.1232500303741946,0.47703793693565044,0.5373834772088535,0.08840853225667114,1.336410218909155,0.6521739130434783,6.0,0.0,3.0,2025-10-11 17:02:44.760,17,1
1760202164760 (1).mp4,5,20.061287027579162,31.59652706843718,0.03625813802083334,0.026291788785370914,0.10347895225756369,0.5698180012433395,2.4834948541815285,0.5,0.5,0.047847403067129625,0.029688901714385374,0.41297692403746034,0.4618812952677895,0.1551620525838644,1.477539670374015,0.6521739130434783,6.0,0.0,2.5833333333333335,2025-10-11 17:02:44.760,17,1
1760202164760 (1).mp4,6,24.073544433094995,35.608784473953015,0.018485966435185186,0.012370280354855092,0.07260008694794724,0.423411679282355,1.742402086750734,0.5,0.5,0.03277904369212963,0.030115153227219502,0.1719524843581211,0.42173792273088734,0.08977451902681999,1.2977691329103307,0.6086956521739131,6.0,0.16666666666666666,1.2083333333333333,2025-10-11 17:02:44.760,17,1
1760202164760 (1).mp4,7,28.085801838610827,39.62104187946885,0.008370406539351852,0.008701288549711642,0.05815333253231816,0.423411679282355,1.3956799807756357,0.5416666666666666,0.4583333333333333,0.013331886574074074,0.022561631305762202,0.1719524843581211,0.42173792273088734,0.26500421608544783,0.8338636202319784,0.391304347826087,6.0,0.5,0.75,2025-10-11 17:02:44.760,17,1
1760202164760 (1).mp4,8,32.09805924412666,43.63329928498468,0.0023837167245370373,0.0026103388947200114,0.03305012681889317,0.423411679282355,0.793203043653436,0.875,0.125,0.0014152922453703704,0.004302988006610799,0.0691214255486367,0.42173792273088734,0.2119694505074613,0.40918520896537186,0.21739130434782608,6.0,0.8333333333333334,0.16666666666666666,2025-10-11 17:02:44.760,17,1
1760202164760 (1).mp4,9,36.11031664964249,47.64555669050051,0.0008436414930555556,0.0007101637603249339,0.0,0.0,0.0,1.0,0.0,0.0,0.0,0.0,0.0,0.0,0.0,0.0,6.0,1.0,0.0,2025-10-11 17:02:44.760,17,1
1760202223699 (1).mp4,0,0.0,11.527380952380954,0.045424442997685194,0.20340838107663184,0.03696934417306947,0.44716925647973743,0.8872642601536672,0.8333333333333334,0.16666666666666666,0.003790147569444444,0.00845024738685382,0.059366021517740175,0.4899188399325512,0.13307868151865404,0.2937153524124812,0.17391304347826086,6.0,0.7916666666666666,0.375,2025-10-11 17:03:43.699,17,1
1760202223699 (1).mp4,1,4.0095238095238095,15.536904761904763,0.0026014539930555554,0.006095095780041826,0.016124699309053785,0.3248343295819729,0.3869927834172908,0.9166666666666666,0.08333333333333333,0.002921368634259259,0.008248420092275137,0.059366021517740175,0.38123570430128034,0.994743447883398,0.15257279456464104,0.08695652173913043,6.0,0.875,0.2916666666666667,2025-10-11 17:03:43.699,17,1
1760202223699 (1).mp4,2,8.019047619047619,19.54642857142857,5.0817418981481486e-05,0.00014172290224127222,0.0,0.0,0.0,1.0,0.0,0.0,0.0,0.0,0.0,0.0,0.0,0.0,3.0,1.0,0.0,2025-10-11 17:03:43.699,17,1
1760202235428 (1).mp4,0,0.0,11.543083573487031,0.049542643229166676,0.20261587275998305,0.04346529673553959,0.3745647366932793,1.0431671216529501,0.5833333333333334,0.4166666666666667,0.009890769675925925,0.015055562796748707,0.14009382750314892,0.376629244728249,0.12130319547583229,0.7925805738818027,0.43478260869565216,6.0,0.5416666666666666,0.7083333333333334,2025-10-11 17:03:55.428,17,1
1760202235428 (1).mp4,1,4.014985590778098,15.55806916426513,0.019102466724537037,0.015162954557469528,0.04701848063956506,0.3745647366932793,1.1284435353495614,0.5,0.5,0.028940972222222222,0.027073158109590784,0.1506133833385771,0.4519204552019117,0.09365974271914049,0.8771341386502967,0.34782608695652173,6.0,0.2916666666666667,1.0833333333333333,2025-10-11 17:03:55.428,17,1
1760202235428 (1).mp4,2,8.029971181556196,19.573054755043227,0.020862991898148147,0.013987408383012327,0.03914525033336599,0.3745647366932793,0.9394860080007836,0.5,0.5,0.02886049623842592,0.024963908821146887,0.2025637113436265,0.4519204552019117,0.21612854074554497,0.9973889573587793,0.43478260869565216,6.0,0.125,1.3333333333333333,2025-10-11 17:03:55.428,17,1
1760202235428 (1).mp4,3,12.044956772334293,23.588040345821323,0.018664279513888892,0.01563191797472583,0.025008745878305507,0.18609024466467589,0.6002099010793321,0.5,0.5,0.025926106770833336,0.026522057477066728,0.13324806082102325,0.26514072702245955,0.23211424515302034,1.0361917819989859,0.391304347826087,6.0,0.2916666666666667,1.125,2025-10-11 17:03:55.428,17,1
1760202235428 (1).mp4,4,16.05994236311239,27.603025936599423,0.008620334201388889,0.007822318930367353,0.018793695598648748,0.17177779248059905,0.45104869436756995,0.5416666666666666,0.4583333333333333,0.0071243851273148145,0.00868556382726947,0.26844223724259186,0.17895389259933886,0.5473697870965389,0.9088708771117603,0.391304347826087,6.0,0.5,0.875,2025-10-11 17:03:55.428,17,1
1760202235428 (1).mp4,5,20.074927953890487,31.61801152737752,0.003936270254629629,0.0033904518822468147,0.008338127098803756,0.17177779248059905,0.20011505037129013,0.875,0.125,0.0012836371527777779,0.0032148502759127636,0.1351941764215686,0.12316890483118931,0.8697391064884008,0.3402942811620128,0.13043478260869565,6.0,0.8333333333333334,0.2916666666666667,2025-10-11 17:03:55.428,17,1
1760202235428 (1).mp4,6,24.089913544668587,35.632997118155615,0.0033470775462962963,0.003007947061304111,0.0011807190787787955,0.017439824384173547,0.028337257890691095,0.9166666666666666,0.08333333333333333,0.000751953125,0.0020940680133098573,0.015456835244335276,0.00807673936562825,0.23126978303081,0.2707704259153579,0.08695652173913043,6.0,0.875,0.25,2025-10-11 17:03:55.428,17,1
1760202247611 (1).mp4,0,0.0,11.523958333333333,0.05469889322916666,0.20152382690186021,0.06202763116335521,0.30834184724983715,1.488663147920525,0.5,0.5,0.020554108796296294,0.01952276740895269,0.21296678054090096,0.4633401463425632,0.11361933230319994,1.1051099671946627,0.6521739130434783,6.0,0.125,1.2083333333333333,2025-10-11 17:04:07.611,17,1
1760202247611 (1).mp4,1,4.008333333333333,15.532291666666666,0.007394386574074075,0.00658593065093641,0.04369873170844052,0.30834184724983715,1.0487695610025725,0.5,0.5,0.009882450810185186,0.010898181258545097,0.21152751252081575,0.4633401463425632,0.3187341255589859,0.8335645877714561,0.43478260869565216,6.0,0.375,0.875,2025-10-11 17:04:07.611,17,1
1760202247611 (1).mp4,2,8.016666666666666,19.540625,0.004637767650462963,0.006843771568173617,0.02651724472735088,0.30834184724983715,0.6364138734564211,0.75,0.25,0.006129557291666666,0.01130569488965127,0.15186646286128086,0.4633401463425632,0.7218380776966845,0.25196160069108947,0.08695652173913043,6.0,0.7083333333333334,0.4583333333333333,2025-10-11 17:04:07.611,17,1
1760202247611 (1).mp4,3,12.024999999999999,23.54895833333333,0.0004163049768518519,0.000610496371514854,0.0,0.0,0.0,1.0,0.0,0.0,0.0,0.0,0.0,0.0,0.0,0.0,6.0,1.0,0.0,2025-10-11 17:04:07.611,17,1
1760202332222 (1).mp4,0,0.0,11.932274789371354,0.05281864872685186,0.20209967986396007,0.06856823397288127,0.29982879550728087,1.6456376153491503,0.5,0.5,0.015435655381944446,0.023423679402610805,0.23138509606078195,0.4495744587348079,0.1334273750324697,0.9171200387486418,0.4782608695652174,6.0,0.4166666666666667,1.0416666666666667,2025-10-11 17:05:32.222,17,1
1760202332222 (1).mp4,1,4.150356448476993,16.082631237848346,0.011183449074074073,0.012760735711392674,0.04607392298753361,0.21015095203193926,1.1057741517008066,0.5,0.5,0.015186451099537035,0.024005750216030252,0.2142689893266857,0.4495744587348079,0.1754269564637634,0.8681053861174022,0.4782608695652174,6.0,0.4583333333333333,1.0,2025-10-11 17:05:32.222,17,1
1760202332222 (1).mp4,2,8.300712896953986,20.23298768632534,0.011429940682870371,0.011954136604610475,0.032528357515556126,0.21015095203193926,0.7806805803733471,0.5,0.5,0.023226092303240742,0.031042509915944264,0.09576251539676339,0.34597445773316327,0.09276527766830112,0.8024274915316714,0.43478260869565216,6.0,0.4583333333333333,0.7083333333333334,2025-10-11 17:05:32.222,17,1
1760202332222 (1).mp4,3,12.451069345430978,24.383344134802332,0.012212999131944444,0.011840562517750506,0.03514135514573558,0.2983981938596534,0.843392523497654,0.5,0.5,0.02732421875,0.03080438548904634,0.06674565186427484,0.37953116743366033,0.019277510336490684,0.6601800243354328,0.30434782608695654,6.0,0.4166666666666667,0.6666666666666666,2025-10-11 17:05:32.222,17,1
1760202332222 (1).mp4,4,16.60142579390797,28.533700583279327,0.017360026041666667,0.009459622981169782,0.04073699502126347,0.2983981938596534,0.9776878805103233,0.5,0.5,0.03727810329861111,0.026280022721399343,0.08797054756377065,0.3927446240908794,0.0659850621719709,1.1225776186792906,0.4782608695652174,6.0,0.16666666666666666,0.9166666666666666,2025-10-11 17:05:32.222,17,1
1760202332222 (1).mp4,5,20.751782242384962,32.68405703175632,0.013177445023148148,0.0069368577780206725,0.02930702895957697,0.2983981938596534,0.7033686950298472,0.5,0.5,0.02404441550925926,0.018162779790761124,0.20660781609182766,0.4842827499804243,0.6909762418153165,1.4489545302275117,0.6086956521739131,6.0,0.25,0.7916666666666666,2025-10-11 17:05:32.222,17,1
1760202332222 (1).mp4,6,24.902138690861957,36.83441348023331,0.019089988425925925,0.008650098919896891,0.04193959022601856,0.1245811395684827,1.0065501654244453,0.5,0.5,0.032720088252314816,0.02153433781423816,0.23160543723266402,0.5525995194576634,0.37771673628568486,1.5471775130166359,0.6086956521739131,6.0,0.125,1.3333333333333333,2025-10-11 17:05:32.222,17,1
1760202332222 (1).mp4,7,29.052495139338948,40.98476992871031,0.024175347222222223,0.011783673415943219,0.043260766308988924,0.1245811395684827,1.0382583914157342,0.5,0.5,0.048312536168981485,0.03945868048368582,0.21157133165524855,0.5893265986538981,0.46423942868545687,1.4820991627698192,0.6086956521739131,6.0,0.125,1.8333333333333333,2025-10-11 17:05:32.222,17,1
1760202332222 (1).mp4,8,33.20285158781594,45.1351263771873,0.02835015190972222,0.008254701754858925,0.034805946297377044,0.1245811395684827,0.835342711137049,0.5,0.5,0.05739058883101852,0.03435626775014735,0.21157133165524855,0.5059405433158213,0.6051697657419749,1.021862078921362,0.4782608695652174,6.0,0.041666666666666664,2.0416666666666665,2025-10-11 17:05:32.222,17,1
1760202332222 (1).mp4,9,37.35320803629293,49.28548282566429,0.023665002893518524,0.010660820444379222,0.03944303285634168,0.22485389798373667,0.9466327885522003,0.5,0.5,0.046925817418981476,0.038795876473541976,0.16009131471653948,0.19805905522013983,0.16761772843890774,1.085123218752407,0.5652173913043478,6.0,0.041666666666666664,1.8333333333333333,2025-10-11 17:05:32.222,17,1
1760202332222 (1).mp4,10,41.503564484769925,53.43583927414128,0.01568485966435185,0.007329542019504661,0.04571503843840768,0.22485389798373667,1.0971609225217842,0.5,0.5,0.025274341724537037,0.020832049765899932,0.17496641047423356,0.19805905522013983,0.08437642527252492,1.145731296536925,0.6521739130434783,6.0,0.125,1.5416666666666667,2025-10-11 17:05:32.222,17,1
1760202332222 (1).mp4,11,45.65392093324692,57.58619572261828,0.00999168113425926,0.003630895701516757,0.04134160545278657,0.22485389798373667,0.9921985308668777,0.5,0.5,0.010198929398148147,0.01188224728744759,0.18238816570029825,0.16870977937499368,0.035858249472460406,1.1927027010986746,0.5217391304347826,6.0,0.375,1.2083333333333333,2025-10-11 17:05:32.222,17,1
1760202332222 (1).mp4,12,49.804277381723914,61.73655217109527,0.007959526909722223,0.003730873025347832,0.009715698665222365,0.0914603387075765,0.23317676796533676,0.75,0.25,0.006856915509259259,0.012499399309643713,0.15847728372097936,0.06929602849292626,0.6796784538207673,0.8503446462493941,0.34782608695652173,6.0,0.6666666666666666,0.7083333333333334,2025-10-11 17:05:32.222,17,1
1760202332222 (1).mp4,13,53.954633830200905,65.88690861957227,0.006683666087962964,0.0031437562785448588,0.023547553333923697,0.2792260244988911,0.5651412800141687,0.75,0.25,0.0027426938657407404,0.004711748066213206,0.2371786709814554,0.15550909423706508,0.07762628196566074,0.6801706620786921,0.2608695652173913,6.0,0.7083333333333334,0.4583333333333333,2025-10-11 17:05:32.222,17,1
1760202332222 (1).mp4,14,58.104990278677896,70.03726506804925,0.004512442129629629,0.003457779079958899,0.011444458436873937,0.25750850824284227,0.2746670024849745,0.8333333333333334,0.16666666666666666,0.0018782552083333331,0.0037451881965503485,0.2371786709814554,0.11260694964406481,0.9558954628647186,0.4192288695831062,0.17391304347826086,6.0,0.7916666666666666,0.3333333333333333,2025-10-11 17:05:32.222,17,1
1760202332222 (1).mp4,15,62.255346727154894,74.18762151652625,0.003160807291666667,0.0038528070618033755,0.011444458436873937,0.25750850824284227,0.2746670024849745,0.8333333333333334,0.16666666666666666,0.0018782552083333331,0.0037451881965503485,0.2371786709814554,0.11260694964406481,0.9558954628647186,0.4192288695831062,0.17391304347826086,6.0,0.7916666666666666,0.3333333333333333,2025-10-11 17:05:32.222,17,1
1760202332222 (1).mp4,16,66.40570317563188,78.33797796500323,0.0008904803240740739,0.0006615418184399975,0.0,0.0,0.0,1.0,0.0,0.0002076099537037037,0.0010170769041938253,0.0,0.0,0.0,0.0,0.0,6.0,0.9583333333333334,0.041666666666666664,2025-10-11 17:05:32.222,17,1
1760202340882 (1).mp4,0,0.0,11.52619589977221,0.06266927083333333,0.20125696038588756,0.04787512323988783,0.18478910884136207,1.149002957757308,0.5416666666666666,0.4583333333333333,0.04096987123842593,0.053367019908696155,0.3737862276648927,0.389453957905876,0.3055911683355213,0.5252938882085453,0.30434782608695654,6.0,0.5,0.7083333333333334,2025-10-11 17:05:40.882,17,1
1760202340882 (1).mp4,1,4.009111617312073,15.535307517084284,0.014303747106481482,0.023707618851717856,0.02846808287158036,0.15498433846544316,0.6832339889179286,0.7083333333333334,0.2916666666666667,0.027196723090277777,0.04655174592348728,0.3737862276648927,0.30996568932314816,0.6929694523460479,0.32597091961156033,0.17391304347826086,6.0,0.6666666666666666,0.4583333333333333,2025-10-11 17:05:40.882,17,1
1760202340882 (1).mp4,2,8.018223234624147,19.544419134396357,0.00030852141203703705,0.0005783858404540934,0.0,0.0,0.0,1.0,0.0,0.0,0.0,0.0,0.0,0.0,0.0,0.0,6.0,1.0,0.0,2025-10-11 17:05:40.882,17,1
1760202359505 (1).mp4,0,0.0,11.527315914489312,0.04925329137731482,0.2029688112661607,0.02243923924633996,0.1639322897247573,0.538541741912159,0.625,0.375,0.013252314814814816,0.027339053999297046,0.13259178488939538,0.2694626970262478,0.2827112190330087,0.4747685486992969,0.30434782608695654,6.0,0.5833333333333334,0.7083333333333334,2025-10-11 17:05:59.505,17,1
1760202359505 (1).mp4,1,4.009501187648456,15.536817102137768,0.0017744502314814817,0.0035282900251140856,0.008610389678117615,0.06683845052667302,0.20664935227482278,0.8333333333333334,0.16666666666666666,0.003155201099537037,0.006459021481189437,0.08001527855854629,0.16847449294045946,0.9025449063158488,0.24372724972027263,0.13043478260869565,6.0,0.7916666666666666,0.20833333333333334,2025-10-11 17:05:59.505,17,1
1760202359505 (1).mp4,2,8.019002375296912,19.546318289786225,2.6765046296296297e-05,7.754272860541066e-05,0.0,0.0,0.0,1.0,0.0,0.0,0.0,0.0,0.0,0.0,0.0,0.0,3.0,1.0,0.0,2025-10-11 17:05:59.505,17,1
1760202385550 (1).mp4,0,0.0,11.525109170305678,0.051075846354166655,0.20245259778649488,0.039584536185449166,0.2488388345092625,0.95002886845078,0.5833333333333334,0.4166666666666667,0.011330656828703703,0.015656476976875236,0.15396765649432542,0.32621510763889794,0.16009684708952088,0.8819008753282576,0.5217391304347826,6.0,0.5416666666666666,0.8333333333333334,2025-10-11 17:06:25.550,17,1
1760202385550 (1).mp4,1,4.008733624454148,15.533842794759826,0.004326714409722223,0.006895064201031154,0.02235489377241966,0.2488388345092625,0.5365174505380719,0.75,0.25,0.005102177372685185,0.009493521258378594,0.1273787058986312,0.32621510763889794,0.39782579631291076,0.5100201334625594,0.30434782608695654,6.0,0.7083333333333334,0.4583333333333333,2025-10-11 17:06:25.550,17,1
1760202385550 (1).mp4,2,8.017467248908297,19.542576419213976,0.00042697482638888885,0.0015288120031036806,0.0,0.0,0.0,1.0,0.0,0.0003059895833333333,0.001499036691546997,0.0,0.0,0.0,0.0,0.0,6.0,0.9583333333333334,0.041666666666666664,2025-10-11 17:06:25.550,17,1
1760202416106 (1).mp4,0,0.0,10.925,0.05007975260416667,0.20270684911644515,0.02718955830643248,0.1746419508795496,0.6525493993543795,0.7083333333333334,0.2916666666666667,0.011971209490740741,0.018828866751479444,0.1598830104130673,0.3853867651698873,0.5915156082681536,0.5382262672067951,0.30434782608695654,6.0,0.6666666666666666,0.5,2025-10-11 17:06:56.106,17,1
1760202416106 (1).mp4,1,3.8000000000000003,14.725000000000001,0.007452076099537037,0.009619376885488527,0.04284986371732938,0.3500557662376571,1.028396729215905,0.6666666666666666,0.3333333333333333,0.011754014756944445,0.01764875898300247,0.15697853292517783,0.3322562355389571,0.29845988196603995,0.8095880488858033,0.391304347826087,6.0,0.5833333333333334,0.5416666666666666,2025-10-11 17:06:56.106,17,1
1760202416106 (1).mp4,2,7.6000000000000005,18.525000000000002,0.002515914351851852,0.0052443128835381716,0.02908192834091004,0.3500557662376571,0.6979662801818409,0.875,0.125,0.0029172092013888887,0.006274541001429999,0.11020359985823647,0.3322562355389571,0.013257508406177176,0.47484576632211,0.17391304347826086,6.0,0.7916666666666666,0.2916666666666667,2025-10-11 17:06:56.106,17,1
1760202416106 (1).mp4,3,11.4,22.325000000000003,0.0027477575231481485,0.005188369725204569,0.02908192834091004,0.3500557662376571,0.6979662801818409,0.875,0.125,0.0029172092013888887,0.006274541001429999,0.11020359985823647,0.3322562355389571,0.013257508406177176,0.47484576632211,0.17391304347826086,6.0,0.7916666666666666,0.2916666666666667,2025-10-11 17:06:56.106,17,1
1760202416106 (1).mp4,4,15.200000000000001,26.125000000000004,0.007607421874999999,0.010519208892908844,0.010110575865914037,0.12348812455562286,0.24265382078193687,0.7083333333333334,0.2916666666666667,0.011519278067129629,0.017269435663437745,0.15078548217165927,0.1064404771944466,0.7470332516760981,0.3833531495128258,0.21739130434782608,6.0,0.6666666666666666,0.5833333333333334,2025-10-11 17:06:56.106,17,1
1760202416106 (1).mp4,5,19.0,29.925,0.013137839988425925,0.01072409963553791,0.023019694222601278,0.12616436264428213,0.5524726613424307,0.5,0.5,0.02100676359953704,0.019006698824577752,0.17093299050214456,0.242660135470392,0.5372570981094255,1.0782851712715478,0.5652173913043478,6.0,0.3333333333333333,1.0416666666666667,2025-10-11 17:06:56.106,17,1
1760202416106 (1).mp4,6,22.8,33.725,0.015864438657407408,0.007788714154384202,0.032091581322695885,0.12616436264428213,0.7701979517447013,0.5,0.5,0.025494972511574076,0.014802735343308275,0.17093299050214456,0.242660135470392,0.21880109586596536,1.4933769853563015,0.6956521739130435,6.0,0.0,1.5416666666666667,2025-10-11 17:06:56.106,17,1
1760202416106 (1).mp4,7,26.6,37.525000000000006,0.00886501736111111,0.008450116512262013,0.02160183034426068,0.12616436264428213,0.5184439282622564,0.5,0.5,0.013975694444444445,0.016027055535407203,0.0678350958026544,0.1777335954444098,0.051965749997321654,1.0777946254450044,0.4782608695652174,6.0,0.3333333333333333,0.9583333333333334,2025-10-11 17:06:56.106,17,1
1760202422154 (1).mp4,0,0.0,11.424056603773586,0.04546838831018518,0.20338536466900897,0.019922999890947216,0.15631920377580535,0.4781519973827332,0.8333333333333334,0.16666666666666666,0.0044180410879629635,0.010924404374322525,0.05921394581125705,0.32003432041837643,0.3729252133344572,0.41323453539505706,0.2608695652173913,6.0,0.7916666666666666,0.20833333333333334,2025-10-11 17:07:02.154,17,1
1760202422154 (1).mp4,1,3.9735849056603776,15.397641509433962,0.002659324363425926,0.004575609730093881,0.013863882984605553,0.15631920377580535,0.3327331916305333,0.875,0.125,0.0028161168981481483,0.008195696103460957,0.05921394581125705,0.32003432041837643,0.9682860172289653,0.29612498633866163,0.17391304347826086,6.0,0.8333333333333334,0.16666666666666666,2025-10-11 17:07:02.154,17,1
1760202422154 (1).mp4,2,7.947169811320755,19.37122641509434,0.0008396629050925926,0.0012002479328263968,0.0,0.0,0.0,1.0,0.0,0.0,0.0,0.0,0.0,0.0,0.0,0.0,6.0,1.0,0.0,2025-10-11 17:07:02.154,17,1
1760202422154 (1).mp4,3,11.920754716981133,23.34481132075472,0.0006195746527777777,0.0010203448308983244,0.0,0.0,0.0,1.0,0.0,0.0,0.0,0.0,0.0,0.0,0.0,0.0,6.0,1.0,0.0,2025-10-11 17:07:02.154,17,1
1760202422154 (1).mp4,4,15.89433962264151,27.318396226415096,0.0006127025462962962,0.0010235789863380143,0.0,0.0,0.0,1.0,0.0,0.0,0.0,0.0,0.0,0.0,0.0,0.0,6.0,1.0,0.0,2025-10-11 17:07:02.154,17,1
1760202422154 (1).mp4,5,19.867924528301888,31.291981132075474,0.00019820601851851848,0.0002915220297621876,0.0,0.0,0.0,1.0,0.0,0.0,0.0,0.0,0.0,0.0,0.0,0.0,6.0,1.0,0.0,2025-10-11 17:07:02.154,17,1
1760202456886 (1).mp4,0,0.0,10.851818181818182,0.04508282696759259,0.20344151145276024,0.008202076660805144,0.057160922168971624,0.19684983985932347,0.7083333333333334,0.2916666666666667,0.0033904803240740744,0.0070870426505391425,0.07947855659972947,0.1411597016452859,0.8229451047715717,0.6967242917321448,0.30434782608695654,6.0,0.6666666666666666,0.4583333333333333,2025-10-11 17:07:36.886,17,1
1760202456886 (1).mp4,1,3.774545454545454,14.626363636363635,0.0032593677662037038,0.004178552351980557,0.005820371570431326,0.04762470094508439,0.13968891769035183,0.75,0.25,0.003089373553240741,0.007070470910680059,0.07052756712182762,0.0890977717951707,0.7890535885474363,0.546460267279646,0.21739130434782608,6.0,0.7083333333333334,0.375,2025-10-11 17:07:36.886,17,1
1760202456886 (1).mp4,2,7.549090909090908,18.40090909090909,0.0010159866898148148,0.0017154028573463343,0.0,0.0,0.0,1.0,0.0,0.00020833333333333335,0.0010206207261596577,0.0,0.0,0.0,0.0,0.0,6.0,0.9583333333333334,0.041666666666666664,2025-10-11 17:07:36.886,17,1
1760202456886 (1).mp4,3,11.323636363636362,22.175454545454542,0.00018717447916666668,0.0005589175201276946,0.0,0.0,0.0,1.0,0.0,0.0,0.0,0.0,0.0,0.0,0.0,0.0,3.0,1.0,0.0,2025-10-11 17:07:36.886,17,1
1760202493086 (1).mp4,0,0.0,12.133616504854368,0.0452271412037037,0.20345530263368736,0.012072337231082704,0.09300465551332762,0.2897360935459849,0.7916666666666666,0.20833333333333334,0.0051743344907407415,0.010985509984403705,0.09540116975600899,0.24992276874003694,0.9232960586778068,0.5813966916077663,0.30434782608695654,6.0,0.75,0.25,2025-10-11 17:08:13.086,17,1
1760202493086 (1).mp4,1,4.220388349514563,16.35400485436893,0.004318033854166666,0.0059157787867286545,0.016237776786844998,0.14370188770855194,0.38970664288428,0.7083333333333334,0.2916666666666667,0.004960575810185185,0.010121088198715949,0.09506509513768602,0.2671760770330975,0.5295473259340014,0.6855775623689727,0.34782608695652173,6.0,0.6666666666666666,0.5,2025-10-11 17:08:13.086,17,1
1760202493086 (1).mp4,2,8.440776699029126,20.574393203883496,0.0031309678819444442,0.0038350617074410886,0.01320642792007847,0.14370188770855194,0.31695427008188326,0.7916666666666666,0.20833333333333334,0.002197265625,0.0041696882855584904,0.09506509513768602,0.2671760770330975,0.87214370207599,0.3386097580253502,0.17391304347826086,6.0,0.75,0.4166666666666667,2025-10-11 17:08:13.086,17,1
1760202493086 (1).mp4,3,12.661165048543689,24.794781553398057,0.0030801504629629634,0.0037994331053758344,0.008354285917239917,0.14370188770855194,0.200502862013758,0.8333333333333334,0.16666666666666666,0.0019108072916666668,0.004069303356001136,0.09506509513768602,0.1517405279322468,0.8705679252331305,0.2951498871828207,0.17391304347826086,6.0,0.7916666666666666,0.375,2025-10-11 17:08:13.086,17,1
1760202493086 (1).mp4,4,16.88155339805825,29.01516990291262,0.0008884910300925925,0.0008559136094244582,0.0,0.0,0.0,1.0,0.0,0.0,0.0,0.0,0.0,0.0,0.0,0.0,6.0,1.0,0.0,2025-10-11 17:08:13.086,17,1
1760202515320 (1).mp4,0,0.0,11.219512195121952,0.04655761718750001,0.2032845959056867,0.020485386913768597,0.16664760679197013,0.4916492859304463,0.7916666666666666,0.20833333333333334,0.00851978443287037,0.01949447942165687,0.1412358333999123,0.3115010295882725,0.6430329819939576,0.37979656653030364,0.21739130434782608,6.0,0.75,0.375,2025-10-11 17:08:35.320,17,1
1760202515320 (1).mp4,1,3.9024390243902443,15.121951219512196,0.005262767650462963,0.008923385776842338,0.02138053327408367,0.18813111943953184,0.5131327985780081,0.7916666666666666,0.20833333333333334,0.008622142650462962,0.01948144956757465,0.16382962528677403,0.1718340011867077,0.20526543422177085,0.3883272269294508,0.2608695652173913,6.0,0.75,0.375,2025-10-11 17:08:35.320,17,1
1760202515320 (1).mp4,2,7.8048780487804885,19.02439024390244,0.0008655237268518518,0.0015767235376795339,0.0,0.0,0.0,1.0,0.0,0.00030924479166666665,0.0015149838903932417,0.0,0.0,0.0,0.0,0.0,6.0,0.9583333333333334,0.041666666666666664,2025-10-11 17:08:35.320,17,1
1760202901646 (1).mp4,0,0.0,11.299870129870131,0.06805465133101851,0.19928547212072775,0.07737111621154345,0.4844928270120164,1.8569067890770428,0.5,0.5,0.04364149305555556,0.03666217247570892,0.5436046591806863,0.5185634290254025,0.12194832404066004,0.8986936305964738,0.391304347826087,6.0,0.25,1.5416666666666667,2025-10-11 17:15:01.646,17,1
1760202901646 (1).mp4,1,3.9303896103896108,15.230259740259742,0.030455910011574078,0.016058750705476278,0.06911024606634063,0.2369760459924037,1.658645905592175,0.5,0.5,0.049219654224537036,0.033361916662706756,0.5286995714032887,0.5185634290254025,0.23844419282741633,0.9226021169820113,0.43478260869565216,6.0,0.125,1.5833333333333333,2025-10-11 17:15:01.646,17,1
1760202901646 (1).mp4,2,7.8607792207792215,19.16064935064935,0.029050202546296297,0.012641767498811305,0.08019497207443192,0.4115584830526556,1.924679329786366,0.5,0.5,0.04527940538194444,0.027165217054411297,0.39937893123589197,0.46281424442279084,0.04229233033349567,1.130896386846946,0.5652173913043478,6.0,0.041666666666666664,1.5416666666666667,2025-10-11 17:15:01.646,17,1
1760202901646 (1).mp4,3,11.791168831168832,23.09103896103896,0.030404188368055557,0.01226655216446037,0.08047066461968895,0.4115584830526556,1.931295950872535,0.5,0.5,0.04934045862268518,0.025369893895065755,0.5230542203863255,0.46281424442279084,0.2099315716338799,1.1692422018813593,0.5652173913043478,6.0,0.0,1.4166666666666667,2025-10-11 17:15:01.646,17,1
1760202901646 (1).mp4,4,15.721558441558443,27.021428571428572,0.041916775173611115,0.016395295394207997,0.06857162802780167,0.4115584830526556,1.6457190726672402,0.5,0.5,0.07508680555555557,0.03655147618487847,0.4701487625217585,0.5655432182507835,0.07649449511675223,0.8647987581035739,0.391304347826087,6.0,0.0,1.2083333333333333,2025-10-11 17:15:01.646,17,1
1760202901646 (1).mp4,5,19.651948051948054,30.951818181818183,0.046485821759259256,0.01238247920886987,0.03626505115145292,0.12670066066397273,0.8703612276348701,0.5,0.5,0.08228461371527777,0.029290630032331517,0.3680053938525075,0.4858369472948124,0.5405310799559904,1.0215245286373922,0.4782608695652174,6.0,0.0,1.125,2025-10-11 17:15:01.646,17,1
1760202901646 (1).mp4,6,23.582337662337665,34.882207792207794,0.04101797598379629,0.017211303768181602,0.03260358834233939,0.12670066066397273,0.7824861202161454,0.5,0.5,0.07143627025462963,0.038390146975773545,0.43832860569824716,0.2062579206475138,0.5591410023935904,0.9114550674011417,0.43478260869565216,6.0,0.0,1.2916666666666667,2025-10-11 17:15:01.646,17,1
1760202901646 (1).mp4,7,27.512727272727275,38.812597402597405,0.02580421730324074,0.013143472026644731,0.02318478361963981,0.09998800096509364,0.5564348068713554,0.5,0.5,0.04151385271990741,0.023602364170427645,0.20243154965706334,0.140681762592477,0.20087120602028544,1.1791160658227313,0.6086956521739131,6.0,0.0,1.3333333333333333,2025-10-11 17:15:01.646,17,1
1760202901646 (1).mp4,8,31.443116883116886,42.742987012987015,0.016689091435185186,0.006365099688320078,0.03708876698169349,0.12565409236863398,0.8901304075606438,0.5,0.5,0.02492820457175926,0.0177821445620935,0.2188903531828542,0.3543015026372877,0.34360530156560193,1.115305044216586,0.5217391304347826,6.0,0.0,1.4583333333333333,2025-10-11 17:15:01.646,17,1
1760202901646 (1).mp4,9,35.3735064935065,46.673376623376626,0.01629539207175926,0.005722735411402766,0.07899774782373321,0.2832081832515711,1.8959459477695972,0.5,0.5,0.020581597222222223,0.01285182153236635,0.1906277253744476,0.4768407290715932,0.15186017927005172,1.5553895236088142,0.6521739130434783,6.0,0.0,1.625,2025-10-11 17:15:01.646,17,1
1760202901646 (1).mp4,10,39.30389610389611,50.60376623376624,0.0216552734375,0.007725368737844111,0.0754104701113235,0.2832081832515711,1.8098512826717639,0.5,0.5,0.028299696180555556,0.016579593225480995,0.1906277253744476,0.3859235751675965,0.15528895185399066,1.4326012144658151,0.6956521739130435,6.0,0.0,1.875,2025-10-11 17:15:01.646,17,1
1760202901646 (1).mp4,11,43.23428571428572,54.53415584415585,0.024274631076388886,0.005886056695154035,0.05994641371288032,0.2832081832515711,1.4387139291091278,0.5,0.5,0.032082248263888884,0.013608032964654392,0.22524792095595658,0.23195902790804507,0.14607824437734082,1.4654008656161905,0.782608695652174,6.0,0.0,2.0833333333333335,2025-10-11 17:15:01.646,17,1
1760202901646 (1).mp4,12,47.16467532467533,58.46454545454546,0.020697699652777776,0.008756263234112903,0.0038278012818346034,0.020721016713228572,0.09186723076403049,0.5,0.5,0.027304506655092594,0.015561043722437832,0.05981912646971543,0.020920181406737848,0.5781683629703104,1.332017289603637,0.7391304347826086,6.0,0.041666666666666664,1.9583333333333333,2025-10-11 17:15:01.646,17,1
1760202901646 (1).mp4,13,51.09506493506494,62.39493506493507,0.010843822337962964,0.009573287065725921,0.002675059029626162,0.020721016713228572,0.06420141671102789,0.5833333333333334,0.4166666666666667,0.012022750289351852,0.011731196735827095,0.04650418850679461,0.020920181406737848,0.7732177812920289,0.8656681124793617,0.4782608695652174,6.0,0.375,1.2916666666666667,2025-10-11 17:15:01.646,17,1
1760202998902 (1).mp4,0,0.0,11.324825581395348,0.04720033998842593,0.20323295258014165,0.027618354104319693,0.1738751525866143,0.6628404985036727,0.7083333333333334,0.2916666666666667,0.009413519965277778,0.02603665414824525,0.15481920421495232,0.22656165972974737,0.28502703345276903,0.7650408727049317,0.391304347826087,6.0,0.6666666666666666,0.3333333333333333,2025-10-11 17:16:38.902,17,1
1760202998902 (1).mp4,1,3.93906976744186,15.263895348837208,0.003518337673611111,0.0035023109938995545,0.03141656443910051,0.27123459961063584,0.7539975465384121,0.625,0.375,0.003766456886574074,0.00549868353740884,0.1846777346852858,0.3451171227083397,0.22591923558612428,0.8768139093814658,0.4782608695652174,6.0,0.5833333333333334,0.4166666666666667,2025-10-11 17:16:38.902,17,1
1760202998902 (1).mp4,2,7.87813953488372,19.202965116279067,0.0023482711226851852,0.002183110192134125,0.013241834733592972,0.27123459961063584,0.31780403360623133,0.8333333333333334,0.16666666666666666,0.002111545138888889,0.004342517160817416,0.1846777346852858,0.2268356527817494,0.8453076271860271,0.372566794433909,0.21739130434782608,6.0,0.7916666666666666,0.20833333333333334,2025-10-11 17:16:38.902,17,1
1760202998902 (1).mp4,3,11.817209302325582,23.142034883720928,0.0032080078125,0.0027551543342419654,0.06310440231873754,0.5303763836795319,1.514505655649701,0.7083333333333334,0.2916666666666667,0.0029258897569444443,0.004802779726332714,0.24042449852512998,0.4766674899807817,0.09956249891781452,0.6433380202605952,0.34782608695652173,6.0,0.6666666666666666,0.3333333333333333,2025-10-11 17:16:38.902,17,1
1760202998902 (1).mp4,4,15.75627906976744,27.08110465116279,0.013104745370370369,0.015055345787928397,0.06377798225366565,0.5303763836795319,1.5306715740879757,0.5833333333333334,0.4166666666666667,0.01937373408564815,0.02598867808391613,0.24042449852512998,0.4766674899807817,0.1677616562257853,0.7414869045580891,0.34782608695652173,6.0,0.5,0.75,2025-10-11 17:16:38.902,17,1
1760202998902 (1).mp4,5,19.695348837209302,31.02017441860465,0.01698386863425926,0.013630543637958917,0.07670115056129989,0.5303763836795319,1.8408276134711974,0.5,0.5,0.025171079282407405,0.024540216216031384,0.264135383281836,0.4766674899807817,0.027096523610148852,0.9752807690388079,0.43478260869565216,6.0,0.2916666666666667,1.0833333333333333,2025-10-11 17:16:38.902,17,1
1760202998902 (1).mp4,6,23.634418604651163,34.95924418604651,0.017278464988425928,0.013224502663484855,0.03987529690361332,0.37133307838773705,0.9570071256867196,0.5,0.5,0.025055338541666666,0.02457516284494438,0.25406109964764606,0.36488776824194546,0.11088035286936558,0.6654484280989824,0.2608695652173913,6.0,0.2916666666666667,1.0833333333333333,2025-10-11 17:16:38.902,17,1
1760202998902 (1).mp4,7,27.57348837209302,38.89831395348837,0.006921477141203704,0.006844607283430996,0.03604072553751935,0.37133307838773705,0.8649774129004644,0.5833333333333334,0.4166666666666667,0.007366174768518518,0.012254420129524627,0.2566620645649594,0.3657602214098675,0.1620694319291913,0.6584323233827266,0.2608695652173913,6.0,0.5416666666666666,0.625,2025-10-11 17:16:38.902,17,1
1760202998902 (1).mp4,8,31.51255813953488,42.837383720930234,0.003278537326388889,0.0025424448291682064,0.01684012449575834,0.37133307838773705,0.4041629878982001,0.7916666666666666,0.20833333333333334,0.0018552879050925926,0.002995562255135815,0.09796774848789092,0.3657602214098675,0.9299286177170548,0.3716708179501017,0.21739130434782608,6.0,0.7083333333333334,0.375,2025-10-11 17:16:38.902,17,1
1760202998902 (1).mp4,9,35.45162790697674,46.77645348837209,0.0018408203125,0.002321237842005803,0.0003241412012897292,0.006702884169892678,0.007779388830953501,0.9583333333333334,0.041666666666666664,0.000888671875,0.0024087248729010545,0.00697584192272549,0.0029102841778925193,0.971616112175515,0.1135777245117995,0.08695652173913043,6.0,0.875,0.20833333333333334,2025-10-11 17:16:38.902,17,1
1760203029454 (1).mp4,0,0.0,11.52400835073069,0.06888671874999999,0.2003033256224907,0.06339403263712994,0.194460908813948,1.5214567832911186,0.5,0.5,0.05298773871527778,0.060379954215349106,0.5068538053868947,0.537164350041767,0.08387643025101535,0.41237932006344835,0.21739130434782608,6.0,0.4583333333333333,0.7083333333333334,2025-10-11 17:17:09.454,17,1
1760203029454 (1).mp4,1,4.008350730688935,15.532359081419624,0.024852430555555555,0.028144455706421517,0.05117201386515269,0.19162363149991102,1.2281283327636645,0.5833333333333334,0.4166666666666667,0.047799298321759255,0.06009578562874441,0.4250029901086598,0.537164350041767,0.3030414006283212,0.41237932006344835,0.21739130434782608,6.0,0.5416666666666666,0.625,2025-10-11 17:17:09.454,17,1
1760203029454 (1).mp4,2,8.01670146137787,19.54070981210856,0.006614221643518519,0.01684270132639308,0.0074284618901856204,0.10196572208258761,0.1782830853644549,0.9166666666666666,0.08333333333333333,0.011089409722222221,0.03681671897347486,0.11019202209936863,0.07573240999574413,0.7040412387001305,0.13919735018607501,0.08695652173913043,6.0,0.875,0.25,2025-10-11 17:17:09.454,17,1
1760203029454 (1).mp4,3,12.025052192066807,23.549060542797495,0.0007139756944444445,0.0009616757335888074,0.0,0.0,0.0,1.0,0.0,0.0,0.0,0.0,0.0,0.0,0.0,0.0,6.0,1.0,0.0,2025-10-11 17:17:09.454,17,1
1760203044890 (1).mp4,0,0.0,11.467408906882591,0.055538375289351856,0.2018974794268763,0.053579657874289394,0.28726928660176954,1.2859117889829454,0.5,0.5,0.023034035011574073,0.03747623406719211,0.1927712417698717,0.3972092051942873,0.12727860628550386,0.8389844051915167,0.4782608695652174,6.0,0.4583333333333333,0.9583333333333334,2025-10-11 17:17:24.890,17,1
1760203044890 (1).mp4,1,3.988663967611336,15.456072874493927,0.007664207175925925,0.009999704621082425,0.0428996113061564,0.28726928660176954,1.0295906713477536,0.625,0.375,0.010155164930555556,0.01919872074348045,0.1927712417698717,0.31322333986148243,0.1328921716935105,0.7114162655722298,0.391304347826087,6.0,0.5833333333333334,0.7916666666666666,2025-10-11 17:17:24.890,17,1
1760203044890 (1).mp4,2,7.977327935222672,19.44473684210526,0.0022093822337962963,0.004725918870834493,0.0025841323756147644,0.03815065150419516,0.062019177014754345,0.9166666666666666,0.08333333333333333,0.002307038483796296,0.0063416737640693355,0.01743562043656466,0.05325079884941952,0.8681130193927243,0.15846166598962644,0.08695652173913043,6.0,0.875,0.16666666666666666,2025-10-11 17:17:24.890,17,1
1760203044890 (1).mp4,3,11.965991902834007,23.4334008097166,0.002498372395833333,0.003148864488620456,0.011989237126444952,0.14393863668010953,0.28774169103467884,0.7916666666666666,0.20833333333333334,0.0021303530092592594,0.004256855612868493,0.025265613578216217,0.14364631620165536,0.050054525370342544,0.4046808833594245,0.21739130434782608,6.0,0.75,0.2916666666666667,2025-10-11 17:17:24.890,17,1
1760203044890 (1).mp4,4,15.954655870445343,27.422064777327932,0.011403537326388888,0.015219180795420954,0.03173141875936838,0.1936899562868235,0.761554050224841,0.5,0.5,0.0212914134837963,0.03480060352250596,0.08382725996706142,0.37795023771121733,0.4268052757621617,0.721185618275077,0.391304347826087,6.0,0.4583333333333333,0.625,2025-10-11 17:17:24.890,17,1
1760203044890 (1).mp4,5,19.943319838056677,31.41072874493927,0.01203757957175926,0.014778774102999426,0.03173141875936838,0.1936899562868235,0.761554050224841,0.5,0.5,0.0212914134837963,0.03480060352250596,0.08382725996706142,0.37795023771121733,0.4268052757621617,0.7211856182750769,0.391304347826087,6.0,0.4583333333333333,0.625,2025-10-11 17:17:24.890,17,1
1760203044890 (1).mp4,6,23.931983805668015,35.39939271255061,0.00980740017361111,0.01591892818154589,0.011671766787639107,0.078868000692251,0.28012240290333856,0.75,0.25,0.01916106047453704,0.035751229088232694,0.08382725996706142,0.1843180461287079,0.5250812901058607,0.25310441896836217,0.17391304347826086,6.0,0.7083333333333334,0.3333333333333333,2025-10-11 17:17:24.890,17,1
1760203044890 (1).mp4,7,27.92064777327935,39.38805668016194,0.0008355034722222223,0.0014595981375762589,0.0,0.0,0.0,1.0,0.0,0.0,0.0,0.0,0.0,0.0,0.0,0.0,6.0,1.0,0.0,2025-10-11 17:17:24.890,17,1
1760203079205 (1).mp4,0,0.0,11.651257253384912,0.043536241319444446,0.20376497811443478,0.0020744504742836495,0.049786811382807585,0.049786811382807585,0.9583333333333334,0.041666666666666664,0.0017921730324074075,0.007875628093441821,0.012038827942881913,0.048309349089269926,1.0,0.07891411302675881,0.043478260869565216,6.0,0.9166666666666666,0.08333333333333333,2025-10-11 17:17:59.205,17,1
1760203079205 (1).mp4,1,4.052611218568665,15.703868471953578,0.0018518518518518517,0.003958057849086395,0.001079397748822499,0.025905545971739975,0.025905545971739975,0.9583333333333334,0.041666666666666664,0.0005658637152777778,0.002032952822094082,0.006112070368902378,0.025174191305770255,1.0,0.15730249985235406,0.08695652173913043,6.0,0.9166666666666666,0.125,2025-10-11 17:17:59.205,17,1
1760203079205 (1).mp4,2,8.10522243713733,19.756479690522244,0.001829427083333333,0.003967848739836726,0.001079397748822499,0.025905545971739975,0.025905545971739975,0.9583333333333334,0.041666666666666664,0.0005658637152777778,0.002032952822094082,0.006112070368902378,0.025174191305770255,1.0,0.15730249985235406,0.08695652173913043,6.0,0.9166666666666666,0.125,2025-10-11 17:17:59.205,17,1
1760203079205 (1).mp4,3,12.157833655705996,23.80909090909091,0.0014091435185185186,0.003472516986909681,0.0,0.0,0.0,1.0,0.0,0.00037850839120370366,0.001854304843621669,0.0,0.0,0.0,0.0,0.0,6.0,0.9583333333333334,0.08333333333333333,2025-10-11 17:17:59.205,17,1
1760203079205 (1).mp4,4,16.21044487427466,27.861702127659573,0.0006418185763888889,0.0008452578025410018,0.0,0.0,0.0,1.0,0.0,0.0,0.0,0.0,0.0,0.0,0.0,0.0,6.0,1.0,0.0,2025-10-11 17:17:59.205,17,1
1760203083568 (1).mp4,0,0.0,11.523,0.051143844039351856,0.20240246666625544,0.0759652313533053,0.6431564895274928,1.823165552479327,0.5833333333333334,0.4166666666666667,0.005983977141203703,0.010720252667112426,0.3547751045316496,0.5434186402982716,0.19816267189688277,0.89170932591914,0.43478260869565216,6.0,0.5416666666666666,1.1666666666666667,2025-10-11 17:18:03.568,17,1
1760203083568 (1).mp4,1,4.008,15.530999999999999,0.00487160011574074,0.008709944204790094,0.04834434119282324,0.6431564895274928,1.1602641886277578,0.7916666666666666,0.20833333333333334,0.001820023148148148,0.0032965005510662564,0.34401519064963637,0.5434186402982716,0.23083537275817476,0.4750982928740077,0.2608695652173913,6.0,0.75,0.6666666666666666,2025-10-11 17:18:03.568,17,1
1760203083568 (1).mp4,2,8.016,19.538999999999998,0.0012700737847222224,0.002285983667824988,0.0,0.0,0.0,1.0,0.0,0.00019531249999999998,0.0009568319307746788,0.0,0.0,0.0,0.0,0.0,6.0,0.9583333333333334,0.041666666666666664,2025-10-11 17:18:03.568,17,1
1760203083568 (1).mp4,3,12.024,23.546999999999997,0.0007911964699074073,0.0008428096641147301,0.0,0.0,0.0,1.0,0.0,0.0,0.0,0.0,0.0,0.0,0.0,0.0,6.0,1.0,0.0,2025-10-11 17:18:03.568,17,1
1760203136723 (1).mp4,0,0.0,11.285333333333334,0.05868688512731482,0.20199037967631864,0.05960033514124761,0.35032632846426853,1.4304080433899427,0.625,0.375,0.027896592881944446,0.04410594383241397,0.5150968780961136,0.3764352392947842,0.1314123700634986,0.5046869983335027,0.21739130434782608,6.0,0.5833333333333334,0.7916666666666666,2025-10-11 17:18:56.723,17,1
1760203136723 (1).mp4,1,3.925333333333333,15.210666666666667,0.015734049479166668,0.024829089615182542,0.052765156876339904,0.35032632846426853,1.2663637650321578,0.6666666666666666,0.3333333333333333,0.025992296006944443,0.0442899554130356,0.5150968780961136,0.3764352392947842,0.09774328626089612,0.5046869983335027,0.21739130434782608,6.0,0.625,0.6666666666666666,2025-10-11 17:18:56.723,17,1
1760203136723 (1).mp4,2,7.850666666666666,19.136,0.0003331163194444444,0.00125483366125088,0.0,0.0,0.0,1.0,0.0,0.00017885561342592592,0.0008762099810519977,0.0,0.0,0.0,0.0,0.0,6.0,0.9583333333333334,0.041666666666666664,2025-10-11 17:18:56.723,17,1
1760203169556 (1).mp4,0,0.0,11.525054466230937,0.0636206958912037,0.20099989518736133,0.07656310348344438,0.32913665661660685,1.837514483602665,0.5416666666666666,0.4583333333333333,0.04124981915509259,0.050342826530804324,0.5454935300713664,0.48619486882262003,0.06876783821587977,0.5419560083272973,0.21739130434782608,6.0,0.5,0.75,2025-10-11 17:19:29.556,17,1
1760203169556 (1).mp4,1,4.008714596949892,15.533769063180829,0.014746997974537037,0.021882311669807353,0.05791743917488027,0.32913665661660685,1.3900185401971266,0.6666666666666666,0.3333333333333333,0.02698820891203704,0.0428961563829141,0.5454935300713664,0.48619486882262003,0.38713765081574253,0.5415870208916015,0.21739130434782608,6.0,0.625,0.5833333333333334,2025-10-11 17:19:29.556,17,1
1760203169556 (1).mp4,2,8.017429193899783,19.54248366013072,0.0011839916087962963,0.002276356639660367,0.0,0.0,0.0,1.0,0.0,0.0012532552083333334,0.006139671555804189,0.0,0.0,0.0,0.0,0.0,6.0,0.9583333333333334,0.041666666666666664,2025-10-11 17:19:29.556,17,1
1760203298500 (1).mp4,0,0.0,11.346570169918186,0.054561631944444446,0.20234453850290368,0.08541450911975579,0.38823638763205726,2.049948218874139,0.5833333333333334,0.4166666666666667,0.018234772858796298,0.037965710115165176,0.2840307988964889,0.4216599630904758,0.07183638596682772,0.8788331496300247,0.43478260869565216,6.0,0.5416666666666666,0.7916666666666666,2025-10-11 17:21:38.500,17,1
1760203298500 (1).mp4,1,3.946633102580239,15.293203272498426,0.012384440104166667,0.0199581647650634,0.0702147861862611,0.38823638763205726,1.6851548684702666,0.5833333333333334,0.4166666666666667,0.01754177517361111,0.037959309962944214,0.27142034367536855,0.44816120391034164,0.054965140153338476,0.8496827780957056,0.391304347826087,6.0,0.5416666666666666,0.7916666666666666,2025-10-11 17:21:38.500,17,1
1760203298500 (1).mp4,2,7.893266205160478,19.239836375078664,0.003434244791666667,0.0025370190374956222,0.025511442887812045,0.32357507606492597,0.6122746293074891,0.6666666666666666,0.3333333333333333,0.00274974681712963,0.003893512634311347,0.24143232336680875,0.4586497734269309,0.84566450307776,0.6395533429335142,0.30434782608695654,6.0,0.625,0.375,2025-10-11 17:21:38.500,17,1
1760203298500 (1).mp4,3,11.839899307740717,23.186469477658903,0.0028508391203703703,0.0026858889510998044,0.010651038069577708,0.22364641762831428,0.255624913669865,0.7916666666666666,0.20833333333333334,0.0017737268518518519,0.003272366631577104,0.1260973543448407,0.1951969270568209,0.8790470592583108,0.5764027674487278,0.2608695652173913,6.0,0.75,0.25,2025-10-11 17:21:38.500,17,1
1760203298500 (1).mp4,4,15.786532410320955,27.133102580239143,0.003765914351851852,0.0032738892981452163,0.030468354333315472,0.45149242537566847,0.7312405039995713,0.7083333333333334,0.2916666666666667,0.007597837094907408,0.014779389532519354,0.2690917304740621,0.3625397230126352,0.28816690208346313,0.743881463147126,0.30434782608695654,6.0,0.6666666666666666,0.3333333333333333,2025-10-11 17:21:38.500,17,1
1760203298500 (1).mp4,5,19.733165512901195,31.079735682819383,0.004432146990740741,0.003430744359956016,0.01325412775078832,0.23671671025720661,0.3180990660189197,0.625,0.375,0.01102810329861111,0.016001851765196223,0.1470309341581898,0.20293698921926623,0.7456906797906965,0.8949778454881347,0.34782608695652173,6.0,0.5833333333333334,0.4166666666666667,2025-10-11 17:21:38.500,17,1
1760203298500 (1).mp4,6,23.679798615481435,35.02636878539962,0.00489818431712963,0.0032188422504889637,0.022411579376707163,0.23671671025720661,0.5378779050409719,0.5416666666666666,0.4583333333333333,0.011701750578703702,0.015676907211225066,0.2714073742888219,0.3653951088232564,0.8436075623686551,1.0734895585849273,0.4782608695652174,6.0,0.5,0.5416666666666666,2025-10-11 17:21:38.500,17,1
1760203298500 (1).mp4,7,27.62643171806167,38.97300188797986,0.003687789351851852,0.0033242077492171966,0.01141213231486595,0.21467305799230615,0.2738911755567828,0.6666666666666666,0.3333333333333333,0.005684678819444444,0.009475017147748257,0.1369663255818745,0.18753553342869517,0.8123321253250384,0.8071186818596664,0.43478260869565216,6.0,0.625,0.5,2025-10-11 17:21:38.500,17,1
1760203298500 (1).mp4,8,31.57306482064191,42.9196349905601,0.002871455439814815,0.0030507131119404235,0.004759048786094208,0.08539592451254782,0.11421717086626099,0.75,0.25,0.0021733940972222224,0.0036416963211703345,0.08015888944663485,0.029592467909184794,0.6752872121976753,0.7206347926780169,0.34782608695652173,6.0,0.7083333333333334,0.5,2025-10-11 17:21:38.500,17,1
1760203298500 (1).mp4,9,35.519697923222154,46.866268093140334,0.001989113136574074,0.0029515807759797376,0.004371035222152848,0.08539592451254782,0.10490484533166834,0.8333333333333334,0.16666666666666666,0.0014997468171296295,0.0031874970036895206,0.08015888944663485,0.029592467909184794,0.6854175787213461,0.37542959022809497,0.21739130434782608,6.0,0.7916666666666666,0.375,2025-10-11 17:21:38.500,17,1
1760203298500 (1).mp4,10,39.46633102580239,50.81290119572058,0.002961697048611111,0.0039921490017347195,0.02183631663358064,0.2087947027328957,0.5240715992059354,0.7083333333333334,0.2916666666666667,0.003130244502314815,0.0052682776600649316,0.15307018405881057,0.18622397075186775,0.006024160949131227,0.7467478806903017,0.34782608695652173,6.0,0.6666666666666666,0.5833333333333334,2025-10-11 17:21:38.500,17,1
1760203298500 (1).mp4,11,43.412964128382626,54.759534298300814,0.0038116681134259256,0.005274360220132109,0.014537847887008813,0.2087947027328957,0.3489083492882115,0.6666666666666666,0.3333333333333333,0.004469039351851852,0.0065907913135598425,0.15493627247646247,0.18936421894574534,0.6409487608043806,0.6197211352432282,0.30434782608695654,6.0,0.625,0.6666666666666666,2025-10-11 17:21:38.500,17,1
1760203298500 (1).mp4,12,47.35959723096287,58.70616740088106,0.0038116681134259256,0.00527436022013211,0.014537847887008813,0.2087947027328957,0.3489083492882115,0.6666666666666666,0.3333333333333333,0.004469039351851852,0.0065907913135598425,0.15493627247646247,0.18936421894574534,0.6409487608043806,0.6197211352432282,0.30434782608695654,6.0,0.625,0.6666666666666666,2025-10-11 17:21:38.500,17,1
1760203298500 (1).mp4,13,51.306230333543105,62.65280050346129,0.002647388599537037,0.004446652086035118,0.004289469190865518,0.03681990848747598,0.10294726058077243,0.7916666666666666,0.20833333333333334,0.002637261284722222,0.005285241479669426,0.04120412905489823,0.028609550735846034,0.0473651356098738,0.4220544639948751,0.21739130434782608,6.0,0.75,0.4166666666666667,2025-10-11 17:21:38.500,17,1
1760203298500 (1).mp4,14,55.25286343612334,66.59943360604153,0.001983326099537037,0.0032139585193618437,0.0015625980030686472,0.024529076949737945,0.037502352073647535,0.875,0.125,0.0018001302083333335,0.0043712060878361506,0.017425131379862124,0.017263846975709374,0.3483784964887264,0.24790516525787548,0.08695652173913043,6.0,0.8333333333333334,0.2916666666666667,2025-10-11 17:21:38.500,17,1
1760203298500 (1).mp4,15,59.199496538703585,70.54606670862177,0.005060763888888889,0.004690659440256482,0.002514775769745708,0.024529076949737945,0.06035461847389699,0.7083333333333334,0.2916666666666667,0.005315031828703703,0.006683223628205538,0.020606138505683713,0.01890830739489613,0.2245249199350789,0.7993467142546455,0.30434782608695654,6.0,0.5833333333333334,0.7916666666666666,2025-10-11 17:21:38.500,17,1
1760203298500 (1).mp4,16,63.14612964128382,74.49269981120202,0.006223777488425925,0.00568546216159231,0.011583400314591511,0.22928035265458652,0.27800160755019626,0.7083333333333334,0.2916666666666667,0.007560402199074074,0.010585963683584174,0.15789526597519665,0.18415562906493327,0.8215800885123775,0.7519774718976733,0.34782608695652173,6.0,0.5833333333333334,0.7916666666666666,2025-10-11 17:21:38.500,17,1
1760203298500 (1).mp4,17,67.09276274386406,78.43933291378225,0.012627495659722222,0.009871120233392922,0.027910326334040236,0.22928035265458652,0.6698478320169656,0.5,0.5,0.017386791087962962,0.018690154775111323,0.21201632008615212,0.37586608893015583,0.5611531120487845,1.0724676077005484,0.4782608695652174,6.0,0.3333333333333333,1.2083333333333333,2025-10-11 17:21:38.500,17,1
1760203298500 (1).mp4,18,71.03939584644431,82.38596601636249,0.019410445601851855,0.011886672462300093,0.018095978764910623,0.21845088285965528,0.4343034903578549,0.5416666666666666,0.4583333333333333,0.03231716579861111,0.02427863734059004,0.21201632008615212,0.20995054642226618,0.5466656510876693,0.908785762285196,0.4782608695652174,6.0,0.25,1.1666666666666667,2025-10-11 17:21:38.500,17,1
1760203298500 (1).mp4,19,74.98602894902454,86.33259911894272,0.026115451388888888,0.005723223007067394,0.017495346447578854,0.21845088285965528,0.41988831474189253,0.5,0.5,0.0452757884837963,0.015096619615981683,0.21201632008615212,0.22313989630198292,0.6595069812510236,1.1362429040147766,0.6521739130434783,6.0,0.0,1.375,2025-10-11 17:21:38.500,17,1
1760203301838 (1).mp4,0,0.0,11.484666666666667,0.04318974247685186,0.2038181368151004,0.0019341496526116058,0.04641959166267854,0.04641959166267854,0.9583333333333334,0.041666666666666664,0.000897533275462963,0.0032104049825139327,0.026935035795466078,0.03780585056346142,1.0,0.1904203248259382,0.08695652173913043,6.0,0.9166666666666666,0.08333333333333333,2025-10-11 17:21:41.838,17,1
1760203301838 (1).mp4,1,3.994666666666667,15.479333333333335,0.0002003761574074074,0.0004311910367054755,0.0,0.0,0.0,1.0,0.0,0.0,0.0,0.0,0.0,0.0,0.0,0.0,6.0,1.0,0.0,2025-10-11 17:21:41.838,17,1
1760203332916 (1).mp4,0,0.0,11.97878486055777,0.07108145254629629,0.19977903066146618,0.06235582186491085,0.18807508171756104,1.4965397247578605,0.5,0.5,0.04969690393518519,0.05407782341796717,0.517603983018389,0.48271990172926954,0.13880905535930066,0.8108090177717606,0.34782608695652173,6.0,0.3333333333333333,1.0833333333333333,2025-10-11 17:22:12.916,17,1
1760203332916 (1).mp4,1,4.166533864541833,16.145318725099603,0.028739510995370376,0.02894418375214075,0.053694665031982565,0.18807508171756104,1.2886719607675816,0.5,0.5,0.04906032986111111,0.05463313130350372,0.481186471100518,0.48271990172926954,0.2592130760037631,0.4349855642025576,0.17391304347826086,6.0,0.4166666666666667,0.9583333333333334,2025-10-11 17:22:12.916,17,1
1760203332916 (1).mp4,2,8.333067729083666,20.311852589641436,0.01486454716435185,0.025838383909514526,0.024047443016262205,0.18807508171756104,0.577138632390293,0.75,0.25,0.025895543981481483,0.04931445826266907,0.40566089249263526,0.3084276927562683,0.8829703706359742,0.2291521442979723,0.13043478260869565,6.0,0.7083333333333334,0.5,2025-10-11 17:22:12.916,17,1
1760203332916 (1).mp4,3,12.4996015936255,24.47838645418327,0.00023509837962962967,0.0005957343319954626,0.0,0.0,0.0,1.0,0.0,0.0,0.0,0.0,0.0,0.0,0.0,0.0,5.0,1.0,0.0,2025-10-11 17:22:12.916,17,1
1760203332916 (1).mp4,4,16.666135458167332,28.644920318725102,0.00013038917824074073,0.00020010958085928975,0.0,0.0,0.0,1.0,0.0,0.0,0.0,0.0,0.0,0.0,0.0,0.0,6.0,1.0,0.0,2025-10-11 17:22:12.916,17,1
1760203354871 (1).mp4,0,0.0,12.13448275862069,0.05128327546296296,0.20288062438495946,0.03675445823101076,0.35136796994727004,0.8821069975442584,0.7083333333333334,0.2916666666666667,0.016866861979166668,0.035001525267952846,0.31707264594430035,0.36843396220152547,0.33112485059049446,0.5105095932801254,0.30434782608695654,6.0,0.6666666666666666,0.5416666666666666,2025-10-11 17:22:34.871,17,1
1760203354871 (1).mp4,1,4.220689655172414,16.355172413793102,0.003228081597222222,0.009700327374319164,0.021671579840878277,0.35136796994727004,0.5201179161810786,0.875,0.125,0.006835033275462963,0.022545709986982566,0.31707264594430035,0.30377688378416967,0.7651192053571138,0.18372649016376097,0.08695652173913043,6.0,0.8333333333333334,0.20833333333333334,2025-10-11 17:22:34.871,17,1
1760203354871 (1).mp4,2,8.441379310344828,20.575862068965517,8.156105324074076e-05,0.000115565119139332,0.0,0.0,0.0,1.0,0.0,0.0,0.0,0.0,0.0,0.0,0.0,0.0,6.0,1.0,0.0,2025-10-11 17:22:34.871,17,1
