video_name,window_index,window_start_sec,window_end_sec,mean_motion_ratio,std_motion_ratio,mean_speed,max_speed,total_distance,stationary_ratio,active_ratio,mean_bbox_area_ratio,bbox_area_std,x_range,y_range,path_efficiency,direction_change_rate,high_turn_ratio,motion_peaks,missing_track_ratio,contour_count_mean,recorded_at,hour_of_day,is_daytime,stationary_ratio_z,mean_speed_z,total_distance_z,direction_change_rate_z,x_range_z,y_range_z,active_ratio_z,path_efficiency_z,label,pseudo_rule,label_id
1760193946278 (1).mp4,0,0.0,11.533823529411764,0.0436230468749999,0.2037477488457294,0.0096491047499707,0.1048608411474347,0.2315785139992973,0.875,0.125,0.0027973090277777,0.0068124034765629,0.1263087759288529,0.0701321849751435,0.4423969049232938,0.3490419468570707,0.1739130434782608,6.0,0.8333333333333334,0.2083333333333333,2025-10-11 14:45:46.278,14,1,0.7528521021352188,-0.6642914621940922,-0.6642914621940925,-0.4753464039148462,-0.36249829888935825,-0.8704531769275496,-0.7528521021352186,0.27906389918975427,activity_drop,low_active_ratio_low_distance,2
1760193946278 (1).mp4,1,4.011764705882353,15.545588235294115,3.436053240740741e-05,9.291171551903017e-05,0.0,0.0,0.0,1.0,0.0,0.0,0.0,0.0,0.0,0.0,0.0,0.0,3.0,1.0,0.0,2025-10-11 14:45:46.278,14,1,1.3925131539494082,-1.0091573759441952,-1.0091573759441963,-1.271919466006097,-1.0360576414113534,-1.226892323431029,-1.3925131539494078,-1.0622866861565246,long_static,high_stationary_low_distance,1
1760193964170 (1).mp4,0,0.0,12.082949308755762,0.0445059317129629,0.2036113118127634,0.0076986348903148,0.1198741905840585,0.1847672373675572,0.9166666666666666,0.0833333333333333,0.002531105324074,0.009950393572645,0.1198469033175393,0.0367095959935024,0.4038072427149753,0.2731819698773732,0.0869565217391304,6.0,0.875,0.1666666666666666,2025-10-11 14:46:04.170,14,1,0.9660724527399484,-0.7340026517626694,-0.7340026517626677,-0.648471768063798,-0.39695714496343404,-1.040319823671481,-0.9660724527399484,0.16205976689272086,activity_drop,low_active_ratio_low_distance,2
1760193964170 (1).mp4,1,4.202764976958526,16.285714285714285,0.0031716579861111,0.006026219554104,0.0076986348903148,0.1198741905840585,0.1847672373675572,0.9166666666666666,0.0833333333333333,0.002531105324074,0.009950393572645,0.1198469033175393,0.0367095959935024,0.4038072427149753,0.2731819698773732,0.0869565217391304,6.0,0.875,0.1666666666666666,2025-10-11 14:46:04.170,14,1,0.9660724527399484,-0.7340026517626694,-0.7340026517626677,-0.648471768063798,-0.39695714496343404,-1.040319823671481,-0.9660724527399484,0.16205976689272086,activity_drop,low_active_ratio_low_distance,2
1760193979860 (1).mp4,0,0.0,12.066153846153846,0.0435020616319444,0.2037453761672351,0.015074105689691,0.1731654083529203,0.3617785365525849,0.75,0.25,0.0018024811921296,0.0030224297365714,0.0616898270617246,0.1667113980092353,0.0237139023058748,0.3457153353903117,0.1739130434782608,6.0,0.7083333333333334,0.2916666666666667,2025-10-11 14:46:19.860,14,1,0.11319105032102951,-0.47039804361787757,-0.4703980436178775,-0.4829382968272164,-0.7070879474971629,-0.37959990783219383,-0.11319105032102922,-0.9903859644633093,normal,,0
1760193979860 (1).mp4,1,4.196923076923077,16.263076923076923,0.0005736400462962,0.0012385005837429,0.0,0.0,0.0,1.0,0.0,0.0001763237847222,0.0008638066041715,0.0,0.0,0.0,0.0,0.0,6.0,0.9583333333333334,0.0416666666666666,2025-10-11 14:46:19.860,14,1,1.3925131539494082,-1.0091573759441952,-1.0091573759441963,-1.271919466006097,-1.0360576414113534,-1.226892323431029,-1.3925131539494078,-1.0622866861565246,long_static,high_stationary_low_distance,1
1760194403716 (1).mp4,0,0.0,10.94019471488178,0.0615330222800925,0.2007630961401664,0.0756378846154254,0.2620461047298255,1.8153092307702092,0.5,0.5,0.0249224175347222,0.0334133072970968,0.4411409583508139,0.3754036092132214,0.2993813867989224,0.9840277126475904,0.5217391304347826,6.0,0.2916666666666667,1.625,2025-10-11 14:53:23.716,14,1,-0.9078376744752168,2.885759372102816,2.8857593721028145,0.7218807485562768,3.103739358724114,1.9613452884645948,0.9078376744752155,-0.4698269366982808,frequent_walking,high_speed_high_distance,3
1760194403716 (1).mp4,1,3.8052851182197496,14.745479833101529,0.0190921585648148,0.0179123183946052,0.0573473184851669,0.2620461047298255,1.3763356436440066,0.5,0.5,0.0294883897569444,0.0362169860199212,0.2261475046444856,0.3811171188096184,0.2110282365607994,1.118583563055558,0.5217391304347826,6.0,0.3333333333333333,1.125,2025-10-11 14:53:23.716,14,1,-0.9078376744752168,1.9406986254121295,1.9406986254121303,1.1619461157933362,1.005028935098846,2.017875403764405,0.9078376744752155,-0.8340015957451224,frequent_walking,high_speed_high_distance,3
1760194403716 (1).mp4,2,7.610570236439499,18.55076495132128,0.0210152633101851,0.0216629084756632,0.0381342430028225,0.2012793692352934,0.9152218320677412,0.5,0.5,0.0398952907986111,0.0461891174338432,0.2352956901283567,0.2688552736110002,0.2235259911419889,1.0070783219620971,0.4782608695652174,6.0,0.3333333333333333,0.875,2025-10-11 14:53:23.716,14,1,-0.9078376744752168,0.9479724663496976,0.9479724663496985,0.7972678448606806,1.094331152916525,0.9071439092641904,0.9078376744752155,-0.7824882597611843,frequent_walking,high_speed_high_distance,3
1760194403716 (1).mp4,3,11.415855354659248,22.356050069541027,0.0199612991898148,0.021863766344136,0.0351842845600956,0.2012793692352934,0.8444228294422947,0.5,0.5,0.0390907118055555,0.0463676254047904,0.2352956901283567,0.2688552736110002,0.2596532447008257,0.8710674402159954,0.4347826086956521,6.0,0.3333333333333333,0.8333333333333334,2025-10-11 14:53:23.716,14,1,-0.9078376744752168,0.7955501788854561,0.7955501788854551,0.35244379267446435,1.094331152916525,0.9071439092641904,0.9078376744752155,-0.6335786825516634,frequent_walking,high_speed_high_distance,3
1760194403716 (1).mp4,4,15.221140472878998,26.161335187760777,0.0116786024305555,0.0191799727480385,0.0107984922948592,0.0623814751077875,0.259163815076622,0.625,0.375,0.0228723596643518,0.0404572541959924,0.1291452382593512,0.138182402595735,0.5859212022596169,0.5417766833291483,0.2608695652173913,6.0,0.5833333333333334,0.5,2025-10-11 14:53:23.716,14,1,-0.07693539614196818,-0.4644466349202509,-0.46444663492025035,-0.7245027497301965,0.058117928888221995,-0.3857483735646493,0.07693539614196705,0.7112349645186573,normal,,0
1760194403716 (1).mp4,5,19.026425591098747,29.966620305980527,0.0065516493055555,0.0095371057887709,0.0094170568392944,0.1261375097053519,0.2260093641430673,0.75,0.25,0.010387550636574,0.0207562041937338,0.0928053177592895,0.120695581424561,0.4925768210975906,0.3646687299724888,0.1739130434782608,6.0,0.7083333333333334,0.3333333333333333,2025-10-11 14:53:23.716,14,1,0.7539668821912804,-0.5358244377637219,-0.5358244377637202,-1.3037349146505202,-0.29662296499671653,-0.5587649757695378,-0.7539668821912814,0.3264874134466005,activity_drop,low_active_ratio_low_distance,2
1760194403716 (1).mp4,6,22.831710709318497,33.77190542420028,0.0095583767361111,0.0095299068880956,0.0103646383615059,0.0678398039145503,0.248751320676142,0.5,0.5,0.0156110749421296,0.0206816036640021,0.0850274531145897,0.1057701998035647,0.5441888924414672,0.7668191343654247,0.4347826086956521,6.0,0.4583333333333333,0.625,2025-10-11 14:53:23.716,14,1,-0.9078376744752168,-0.4868635639146606,-0.48686356391466185,0.011499353180541617,-0.37254846561998245,-0.7064384030550471,0.9078376744752155,0.5392224255395527,normal,,0
1760194403716 (1).mp4,7,26.636995827538247,37.57719054242003,0.0103568070023148,0.0088011328556445,0.0104947309815616,0.0678398039145503,0.2518735435574792,0.5,0.5,0.0160664424189814,0.0203782576990516,0.0852336610306878,0.1057701998035647,0.5323215344641044,0.9442780609789873,0.5217391304347826,6.0,0.375,0.7083333333333334,2025-10-11 14:53:23.716,14,1,-0.9078376744752168,-0.4801417693144708,-0.48014176931447106,0.5918793773334526,-0.3705355173395186,-0.7064384030550471,0.9078376744752155,0.49030746287500543,normal,,0
1760194403716 (1).mp4,8,30.442280945758,41.38247566063978,0.0050830078124999,0.0056870634198498,0.006387045492206,0.0352342248897551,0.153289091812944,0.7083333333333334,0.2916666666666667,0.0066858362268518,0.0103583466670916,0.037597629859825,0.06073042834717,0.4549100829371327,0.671096091101614,0.3478260869565217,6.0,0.5833333333333334,0.4583333333333333,2025-10-11 14:53:23.716,14,1,0.4769994560801978,-0.6923830027511331,-0.6923830027511352,-0.30156318597489756,-0.8355461185226987,-1.1520670364807621,-0.47699945608019845,0.17123237737803226,normal,,0
1760194403716 (1).mp4,9,34.24756606397774,45.18776077885953,0.0033761935763888,0.0056143886226318,0.0047881832653029,0.0469336494722779,0.1149163983672714,0.875,0.125,0.0025056061921296,0.005799782997524,0.0603929577558558,0.0426039660232952,0.3995069427889623,0.2644124103097762,0.0869565217391304,6.0,0.7916666666666666,0.3333333333333333,2025-10-11 14:53:23.716,14,1,1.584869160524529,-0.7749950946487623,-0.7749950946487604,-1.631623549714991,-0.6130240303352877,-1.3314123211710152,-1.5848691605245298,-0.057128689762259946,normal,,0
1760194403716 (1).mp4,10,38.05285118219749,48.99304589707927,0.0089248770254629,0.0096434911200788,0.0137234320319436,0.0911016709720944,0.3293623687666476,0.5833333333333334,0.4166666666666667,0.012203052662037,0.0156429980609074,0.1074216232558885,0.1559083188096294,0.4252077601634308,0.6987174645922802,0.391304347826087,6.0,0.5416666666666666,0.875,2025-10-11 14:53:23.716,14,1,-0.3539028222530508,-0.31331704646091446,-0.3133170464609139,-0.21122738985820733,-0.15394237555651497,-0.21036613774970772,0.35390282225305,0.04880512673830546,normal,,0
1760194403716 (1).mp4,11,41.85813630041724,52.79833101529902,0.0129654947916666,0.0076358394977919,0.0146282884910257,0.0911016709720944,0.3510789237846178,0.5,0.5,0.0169343171296296,0.0131735235528874,0.1074216232558885,0.1559083188096294,0.4154491780621914,1.2269935647079653,0.6521739130434783,6.0,0.2083333333333333,1.375,2025-10-11 14:53:23.716,14,1,-0.9078376744752168,-0.2665637467118522,-0.2665637467118521,1.5165013955874864,-0.15394237555651497,-0.21036613774970772,0.9078376744752155,0.008582131860121073,normal,,0
1760194403716 (1).mp4,12,45.66342141863699,56.60361613351877,0.0126806640625,0.006241106693522,0.0090598454852041,0.0611077740674495,0.2174362916448984,0.5,0.5,0.0166172960069444,0.0127593957306482,0.0275103613342008,0.0610080941910111,0.2552094941777792,1.350865743124057,0.7391304347826086,6.0,0.125,1.375,2025-10-11 14:53:23.716,14,1,-0.9078376744752168,-0.5542812983452264,-0.5542812983452285,1.9216257771721907,-0.9340154218232181,-1.149319778967262,0.9078376744752155,-0.6518949658676305,normal,,0
1760194403716 (1).mp4,13,49.46870653685674,60.40890125173852,0.0073415798611111,0.0043771071033171,0.0131430902499447,0.2710870882898,0.3154341659986734,0.5833333333333334,0.4166666666666667,0.0066786024305555,0.0065610253991829,0.0958343191249884,0.2549347488190116,0.8102721596114985,0.8986138604491015,0.4782608695652174,6.0,0.4166666666666667,0.7916666666666666,2025-10-11 14:53:23.716,14,1,-0.3539028222530508,-0.34330290003842384,-0.34330290003842456,0.44253445390691276,-0.267054638009185,0.769412650000842,0.35390282225305,1.6359663768141348,normal,,0
1760194403716 (1).mp4,14,53.27399165507649,64.21418636995827,0.0039004629629629,0.0019889827151809,0.0119951016341056,0.2710870882898,0.2878824392185359,0.8333333333333334,0.1666666666666666,0.0019473379629629,0.0035978292112325,0.0958343191249884,0.2549347488190116,0.9342068498724276,0.4805098685243892,0.2608695652173913,6.0,0.75,0.2916666666666667,2025-10-11 14:53:23.716,14,1,1.3079017344134463,-0.4026186681098397,-0.40261866810983854,-0.9248760763061527,-0.267054638009185,0.769412650000842,-1.3079017344134474,2.1468012870375763,normal,,0
1760194403716 (1).mp4,15,57.07927677329624,68.01947148817803,0.0029155815972222,0.0017531939263016,0.0084314302822624,0.1538429754182218,0.2023543267742997,0.8333333333333334,0.1666666666666666,0.0013597728587962,0.0028904681584181,0.0517814511832144,0.146127627317003,0.5873068241060294,0.5130190205228184,0.217391304347826,6.0,0.7916666666666666,0.2083333333333333,2025-10-11 14:53:23.716,14,1,1.3079017344134463,-0.5867510719265578,-0.5867510719265554,-0.8185547839254907,-0.6970873275918034,-0.30713741439877706,-1.3079017344134474,0.7169462307511025,normal,,0
1760194403716 (1).mp4,16,60.88456189151599,71.82475660639777,0.0021137152777777,0.0018399537416386,0.013318381886064,0.1538429754182218,0.3196411652655374,0.8333333333333334,0.1666666666666666,0.0013816550925925,0.0029221362152861,0.0517814511832144,0.146127627317003,0.0049701467271932,0.5184636500661091,0.2608695652173913,6.0,0.7916666666666666,0.2083333333333333,2025-10-11 14:53:23.716,14,1,1.3079017344134463,-0.3342457039221439,-0.33424570392214303,-0.8007481044524438,-0.6970873275918034,-0.30713741439877706,-1.3079017344134474,-1.683333333286473,normal,,0
1760194403716 (1).mp4,17,64.68984700973574,75.63004172461751,0.0014386212384259,0.0019551900395425,0.013318381886064,0.1538429754182218,0.3196411652655374,0.8333333333333334,0.1666666666666666,0.0013816550925925,0.0029221362152861,0.0517814511832144,0.146127627317003,0.0049701467271932,0.5184636500661091,0.2608695652173913,6.0,0.7916666666666666,0.2083333333333333,2025-10-11 14:53:23.716,14,1,1.3079017344134463,-0.3342457039221439,-0.33424570392214303,-0.8007481044524438,-0.6970873275918034,-0.30713741439877706,-1.3079017344134474,-1.683333333286473,normal,,0
1760195595259 (1).mp4,0,0.0,11.203747072599532,0.0644762731481481,0.2002821437747946,0.0831449103308597,0.3473999273509769,1.9954778479406343,0.5,0.5,0.0411344401041666,0.0414247981853929,0.4849286967337176,0.5428239615962346,0.1019001781130179,0.6052435759701617,0.2608695652173913,6.0,0.4166666666666667,0.875,2025-10-11 15:13:15.259,15,1,-1.0987005311470717,1.0692269926085347,1.0692269926085345,1.101931663994418,0.8489526434911469,0.7406492165587252,1.0987005311470717,-0.5526276577102699,frequent_walking,high_speed_high_distance,3
1760195595259 (1).mp4,1,3.89695550351288,15.100702576112411,0.0154588035300925,0.0195874642869646,0.0650120051456678,0.3473999273509769,1.5602881234960282,0.625,0.375,0.0259159794560185,0.036395266409977,0.4849286967337176,0.5428239615962346,0.301572367711113,0.4529819875419787,0.217391304347826,6.0,0.5833333333333334,0.625,2025-10-11 15:13:15.259,15,1,-0.5916079783099617,0.6128939352177369,0.6128939352177366,0.5680573505403782,0.8489526434911469,0.7406492165587252,0.5916079783099616,-0.10942052703424286,frequent_walking,high_speed_high_distance,3
1760195595259 (1).mp4,2,7.793911007025761,18.997658079625293,0.0025283926504629,0.0066224056186179,0.0144749969729573,0.3473999273509769,0.3473999273509769,0.9583333333333334,0.0416666666666666,0.0015418836805555,0.006401517166125,0.1209834327546611,0.325652757584459,1.0,0.1056598618001249,0.0869565217391304,6.0,0.9166666666666666,0.1666666666666666,2025-10-11 15:13:15.259,15,1,0.760638829255665,-0.6589214311180374,-0.6589214311180366,-0.6497570919727428,-0.6069633498875097,-0.1059229164719135,-0.7606388292556651,1.4408609994751553,activity_drop,low_active_ratio_low_distance,2
1760195595259 (1).mp4,3,11.690866510538642,22.89461358313817,0.0005976924189814,0.0005261785385162,0.0,0.0,0.0,1.0,0.0,0.0,0.0,0.0,0.0,0.0,0.0,0.0,6.0,1.0,0.0,2025-10-11 15:13:15.259,15,1,0.9296696802013681,-1.0231994967082336,-1.0231994967082345,-1.0202319225620533,-1.0909419370947842,-1.3753755166455368,-0.9296696802013681,-0.7788128147306425,long_static,high_stationary_low_distance,1
1760195830669 (1).mp4,0,0.0,11.66472148541114,0.0600316478587963,0.2018543273773586,0.0865519970820686,0.5339084140530224,2.077247929969648,0.5416666666666666,0.4583333333333333,0.0347084780092592,0.0550114108785035,0.3381852287036889,0.5535565015946008,0.0975281439084909,0.6189015305353994,0.3478260869565217,6.0,0.5,0.9583333333333334,2025-10-11 15:17:10.669,15,1,-1.1121184234886123,1.0220806774932223,1.0220806774932227,0.8660254037844387,0.8660254037844386,0.8660254037844387,1.1121184234886123,0.5829145471232174,frequent_walking,high_speed_high_distance,3
1760195830669 (1).mp4,1,4.057294429708223,15.722015915119362,0.0143198423032407,0.0247564428446624,0.0714688215812941,0.5339084140530224,1.715251717951059,0.6666666666666666,0.3333333333333333,0.0260658998842592,0.0520206295399958,0.3381852287036889,0.5535565015946008,0.1334226452637892,0.6189015305353994,0.3478260869565217,6.0,0.625,0.75,2025-10-11 15:17:10.669,15,1,-0.5783015802140783,0.69440218034528,0.6944021803452798,0.8660254037844387,0.8660254037844386,0.8660254037844387,0.5783015802140785,1.1087550134030932,frequent_walking,high_speed_high_distance,3
1760195830669 (1).mp4,2,8.114588859416445,19.779310344827586,0.0008264612268518,0.0013269132128456,0.0,0.0,0.0,1.0,0.0,0.0002079716435185,0.0010188488151767,0.0,0.0,0.0,0.0,0.0,6.0,0.9583333333333334,0.0416666666666666,2025-10-11 15:17:10.669,15,1,0.8452100018513458,-0.8582414289192513,-0.8582414289192513,-0.8660254037844387,-0.8660254037844386,-0.8660254037844387,-0.8452100018513455,-0.8458347802631553,long_static,high_stationary_low_distance,1
1760195830669 (1).mp4,3,12.171883289124668,23.836604774535807,0.0002558955439814,0.0004873504180554,0.0,0.0,0.0,1.0,0.0,0.0,0.0,0.0,0.0,0.0,0.0,0.0,6.0,1.0,0.0,2025-10-11 15:17:10.669,15,1,0.8452100018513458,-0.8582414289192513,-0.8582414289192513,-0.8660254037844387,-0.8660254037844386,-0.8660254037844387,-0.8452100018513455,-0.8458347802631553,long_static,high_stationary_low_distance,1
1760195832886 (1).mp4,0,0.0,11.533045977011495,0.0435338903356481,0.2037587175324719,0.0145539304169848,0.1170389036723834,0.3492943300076356,0.8333333333333334,0.1666666666666666,0.0022670717592592,0.0055080978839257,0.0986479382645754,0.1252004734219498,0.2968378697390237,0.4077880017004148,0.217391304347826,6.0,0.7916666666666666,0.25,2025-10-11 15:17:12.886,15,1,0.5396317515304893,-0.488989480376047,-0.48898948037604767,-0.3412779195572756,-0.5100036127026516,-0.5905746341394724,-0.5396317515304891,-0.1622721383684504,activity_drop,low_active_ratio_low_distance,2
1760195832886 (1).mp4,1,4.011494252873564,15.544540229885058,4.846643518518519e-05,0.0002154634632095,0.0,0.0,0.0,1.0,0.0,0.0,0.0,0.0,0.0,0.0,0.0,0.0,2.0,1.0,0.0,2025-10-11 15:17:12.886,15,1,1.3925131539494082,-1.0091573759441952,-1.0091573759441963,-1.271919466006097,-1.0360576414113534,-1.226892323431029,-1.3925131539494078,-1.0622866861565246,long_static,high_stationary_low_distance,1
1760195853668 (1).mp4,0,0.0,11.081125827814567,0.0550904224537037,0.2022203096303139,0.0419289799075964,0.4137499127931595,1.0062955177823136,0.6666666666666666,0.3333333333333333,0.0193211082175925,0.0359024388896881,0.2378432170057254,0.4121270062176915,0.1146612625991371,0.5236412116636282,0.2608695652173913,6.0,0.625,0.6666666666666666,2025-10-11 15:17:33.668,15,1,-0.9771621231801682,1.1085044599292955,1.1085044599292935,0.9989142309533088,0.8660254037844385,0.8660254037844387,0.9771621231801678,-0.16991952401841068,frequent_walking,high_speed_high_distance,3
1760195853668 (1).mp4,1,3.8543046357615895,14.93543046357616,0.0124585865162037,0.0202770979814903,0.0306604344849632,0.4137499127931595,0.7358504276391191,0.7083333333333334,0.2916666666666667,0.0187709780092592,0.03610086701683,0.2378432170057254,0.4121270062176915,0.5077094707278271,0.4456667212634815,0.217391304347826,6.0,0.6666666666666666,0.625,2025-10-11 15:17:33.668,15,1,-0.7472416236083635,0.5832572503666025,0.5832572503666054,0.7220358499832977,0.8660254037844385,0.8660254037844387,0.7472416236083638,1.461750309233122,normal,,0
1760195853668 (1).mp4,2,7.708609271523179,18.789735099337747,0.0009534143518518,0.0014190683572337,0.0,0.0,0.0,1.0,0.0,0.0,0.0,0.0,0.0,0.0,0.0,0.0,6.0,1.0,0.0,2025-10-11 15:17:33.668,15,1,0.8622018733942658,-0.8458808551479491,-0.8458808551479493,-0.8604750404683033,-0.8660254037844385,-0.8660254037844387,-0.8622018733942658,-0.6459153926073556,long_static,high_stationary_low_distance,1
1760195853668 (1).mp4,3,11.562913907284768,22.644039735099337,0.0004725477430555,0.0007173249293049,0.0,0.0,0.0,1.0,0.0,0.0,0.0,0.0,0.0,0.0,0.0,0.0,6.0,1.0,0.0,2025-10-11 15:17:33.668,15,1,0.8622018733942658,-0.8458808551479491,-0.8458808551479493,-0.8604750404683033,-0.8660254037844385,-0.8660254037844387,-0.8622018733942658,-0.6459153926073556,long_static,high_stationary_low_distance,1
1760198000648 (1).mp4,0,0.0,11.689665970772442,0.0435248480902777,0.2037429443389201,0.0082869906373163,0.1459008690299175,0.1988877752955933,0.9166666666666666,0.0833333333333333,0.000665870949074,0.0018026508927459,0.1357587137475562,0.1122395260220351,0.8856656031741893,0.2367796456402242,0.1304347826086956,6.0,0.875,0.1666666666666666,2025-10-11 15:53:20.648,15,1,-1.5000000000000027,1.4451975557981722,1.445197555798175,1.3637701301357026,1.4999909874345232,1.2855445426108372,1.4999999999999998,-1.4999999999999993,frequent_walking,high_speed_high_distance,3
1760198000648 (1).mp4,1,4.065970772442588,15.75563674321503,0.0014017288773148,0.0020469630453742,0.0022077877610698,0.0529869062656758,0.0529869062656758,0.9583333333333334,0.0416666666666666,0.0004271556712962,0.0014473129004329,0.0024566700139082,0.0529299254491282,1.0,0.1406240584398846,0.0869565217391304,6.0,0.9166666666666666,0.125,2025-10-11 15:53:20.648,15,1,0.49999999999999734,-0.29234518785159436,-0.29234518785160035,-0.16014856375631017,-0.49754580040227675,-0.06416604366793825,-0.5000000000000001,0.5000000000000004,normal,,0
1760198000648 (1).mp4,2,8.131941544885176,19.821607515657615,0.0014400679976851,0.002038793165661,0.0022077877610698,0.0529869062656758,0.0529869062656758,0.9583333333333334,0.0416666666666666,0.0004271556712962,0.0014473129004329,0.0024566700139082,0.0529299254491282,1.0,0.1406240584398846,0.0869565217391304,6.0,0.9166666666666666,0.125,2025-10-11 15:53:20.648,15,1,0.49999999999999734,-0.29234518785159436,-0.29234518785160035,-0.16014856375631017,-0.49754580040227675,-0.06416604366793825,-0.5000000000000001,0.5000000000000004,normal,,0
1760198000648 (1).mp4,3,12.197912317327765,23.887578288100208,0.0012494574652777,0.0019457377206254,0.0002199390994796,0.005278538387512,0.005278538387512,0.9583333333333334,0.0416666666666666,0.0004302300347222,0.0014617033273566,0.0019659415933395,0.0048987795582181,1.0,0.0848884208050964,0.0434782608695652,6.0,0.9166666666666666,0.1666666666666666,2025-10-11 15:53:20.648,15,1,0.49999999999999734,-0.8605071800949835,-0.8605071800949747,-1.0434730026230823,-0.5048993866299694,-1.1572124552749603,-0.5000000000000001,0.5000000000000004,normal,,0
1760198018850 (1).mp4,0,0.0,11.276174496644296,0.0432349537037037,0.2038052255631381,0.002375755946381,0.0313970104840637,0.057018142713145,0.9166666666666666,0.0833333333333333,0.001123951099537,0.0040332217084631,0.0514044690144387,0.0143316696692279,0.9069339100644574,0.4703202002865961,0.1739130434782608,6.0,0.875,0.1666666666666666,2025-10-11 15:53:38.850,15,1,0.9232813512728649,-0.7945458526621442,-0.7945458526621438,-0.4931981164286256,-0.8674332919930092,-0.9289032269561059,-0.9232813512728649,1.6369378646834194,activity_drop,low_active_ratio_low_distance,2
1760198018850 (1).mp4,1,3.922147651006712,15.198322147651009,0.0004231770833333,0.0004056062708181,0.0,0.0,0.0,1.0,0.0,0.0,0.0,0.0,0.0,0.0,0.0,0.0,6.0,1.0,0.0,2025-10-11 15:53:38.850,15,1,1.2750075803291945,-0.84695542772146,-0.8469554277214606,-1.1594565571605047,-1.0963730704073753,-0.9805304983613278,-1.2750075803291943,-0.8787569509589179,long_static,high_stationary_low_distance,1
1760198018850 (1).mp4,2,7.844295302013423,19.12046979865772,0.0006416377314814,0.0012779912270221,0.0,0.0,0.0,1.0,0.0,0.0001844618055555,0.0009036746012871,0.0,0.0,0.0,0.0,0.0,6.0,0.9583333333333334,0.0416666666666666,2025-10-11 15:53:38.850,15,1,1.2750075803291945,-0.84695542772146,-0.8469554277214606,-1.1594565571605047,-1.0963730704073753,-0.9805304983613278,-1.2750075803291943,-0.8787569509589179,long_static,high_stationary_low_distance,1
1760198018850 (1).mp4,3,11.766442953020135,23.04261744966443,0.0004296874999999,0.0012743068153204,0.0,0.0,0.0,1.0,0.0,0.0001844618055555,0.0009036746012871,0.0,0.0,0.0,0.0,0.0,6.0,0.9583333333333334,0.0416666666666666,2025-10-11 15:53:38.850,15,1,1.2750075803291945,-0.84695542772146,-0.8469554277214606,-1.1594565571605047,-1.0963730704073753,-0.9805304983613278,-1.2750075803291943,-0.8787569509589179,long_static,high_stationary_low_distance,1
1760198018850 (1).mp4,4,15.688590604026846,26.964765100671144,0.0004291449652777,0.0012758993657227,0.0,0.0,0.0,1.0,0.0,0.0001844618055555,0.0009036746012871,0.0,0.0,0.0,0.0,0.0,6.0,0.9583333333333334,0.0416666666666666,2025-10-11 15:53:38.850,15,1,1.2750075803291945,-0.84695542772146,-0.8469554277214606,-1.1594565571605047,-1.0963730704073753,-0.9805304983613278,-1.2750075803291943,-0.8787569509589179,long_static,high_stationary_low_distance,1
1760198018850 (1).mp4,5,19.61073825503356,30.88691275167785,0.001564308449074,0.0040030028142316,0.0004195084302839,0.0100682023268158,0.0100682023268158,0.9583333333333334,0.0416666666666666,0.0004513888888888,0.001530520156179,0.0004434122918842,0.0100584334582033,1.0,0.1404218640375825,0.0869565217391304,6.0,0.9166666666666666,0.25,2025-10-11 15:53:38.850,15,1,1.0991444658010299,-0.837701001315216,-0.8377010013152144,-0.9605340951413669,-1.094398247715954,-0.9442967945401315,-1.0991444658010299,1.8950888472024305,long_static,high_stationary_low_distance,1
1760198018850 (1).mp4,6,23.53288590604027,34.809060402684565,0.0035827184606481,0.0054091279266469,0.010636532740007,0.125809983077709,0.2552767857601696,0.7916666666666666,0.2083333333333333,0.0026696325231481,0.0051535951640364,0.1883593905711285,0.108416090548543,0.7327625755048148,0.4243987388086759,0.217391304347826,6.0,0.75,0.5,2025-10-11 15:53:38.850,15,1,0.39569200768837065,-0.612311729635618,-0.6123117296356171,-0.5582507365409753,-0.2574779710823222,-0.5899809629181014,-0.39569200768837076,1.1538134401550004,normal,,0
1760198018850 (1).mp4,7,27.45503355704698,38.73120805369128,0.0233089192708333,0.0308319947600952,0.0512091404734645,0.2652399521273573,1.229019371363148,0.5,0.5,0.033873878761574,0.0544689977503459,0.5272953487375394,0.4166173641408576,0.290239363414582,0.8487229352808822,0.4347826086956521,6.0,0.4583333333333333,1.2083333333333333,2025-10-11 15:53:38.850,15,1,-0.8353497940087824,0.2827268089810961,0.28272680898109576,0.04284948695379833,1.2520390932313552,0.5202588881545103,0.8353497940087826,-0.07367771229035508,normal,,0
1760198018850 (1).mp4,8,31.37718120805369,42.65335570469799,0.0419404658564814,0.0348224684184002,0.0711099816347274,0.2652399521273573,1.706639559233458,0.5,0.5,0.0606940827546296,0.0553437213835923,0.5594613200132382,0.4166173641408576,0.108176156645721,0.8870129981774729,0.4782608695652174,6.0,0.2083333333333333,1.75,2025-10-11 15:53:38.850,15,1,-0.8353497940087824,0.7217427062888683,0.7217427062888682,0.09709142167287399,1.395296488503212,0.5202588881545103,0.8353497940087826,-0.578692973385941,frequent_walking,high_speed_high_distance,3
1760198018850 (1).mp4,9,35.2993288590604,46.575503355704704,0.0496927445023148,0.0274299935166452,0.0598991203208764,0.2652399521273573,1.4375788877010336,0.5,0.5,0.0708620876736111,0.0462556616435211,0.4558634732659715,0.4375552060386904,0.0600261574145069,0.7235141575472085,0.4782608695652174,6.0,0.0416666666666666,2.25,2025-10-11 15:53:38.850,15,1,-0.8353497940087824,0.4744292234360182,0.4744292234360177,-0.13452202498200166,0.9339033735998605,0.5956837110291275,0.8353497940087826,-0.7122536464349163,normal,,0
1760198018850 (1).mp4,10,39.22147651006712,50.497651006711415,0.0396507884837962,0.0230278632943155,0.0244671691662348,0.1685623155535948,0.5872120599896365,0.5,0.5,0.0488527199074074,0.0319938322478768,0.3646211165866044,0.3006185702491217,0.765563985919421,1.0674674840177705,0.5652173913043478,6.0,0.0,3.0,2025-10-11 15:53:38.850,15,1,-0.8353497940087824,-0.3072055679515137,-0.30720556795151305,0.35272433789838625,0.5275378314460947,0.10239402291933007,0.8353497940087826,1.2447994946073215,normal,,0
1760198018850 (1).mp4,11,43.14362416107383,54.419798657718125,0.0255725549768518,0.0078561246278622,0.0397278888404001,0.709255115068608,0.9534693321696026,0.5,0.5,0.0237756799768518,0.0139281494110253,0.4608890131893426,0.5990306155101899,0.6345221771101579,1.66435654025948,0.6956521739130435,6.0,0.0,3.583333333333333,2025-10-11 15:53:38.850,15,1,-0.8353497940087824,0.029448470288691513,0.02944847028869121,1.1982809856017826,0.9562855909153621,1.1773699333926066,0.8353497940087826,0.8813097238582844,normal,,0
1760198018850 (1).mp4,12,47.06577181208054,58.34194630872484,0.0195426432291666,0.0100490387633889,0.1379681534795856,0.7531581474735453,3.311235683510055,0.5,0.5,0.0142118778935185,0.0104995148461701,0.4608890131893426,0.6742405762751463,0.0567492211622745,1.7797373583307512,0.7391304347826086,6.0,0.0833333333333333,3.5416666666666665,2025-10-11 15:53:38.850,15,1,-0.8353497940087824,2.1966452024688334,2.196645202468834,1.3617301504296806,0.9562855909153621,1.4483003376235657,0.8353497940087826,-0.7213433622890137,frequent_walking,high_speed_high_distance,3
1760198018850 (1).mp4,13,50.98791946308725,62.26409395973155,0.0157935474537037,0.0059555778914293,0.1193692136595445,0.7531581474735453,2.864861127829069,0.5,0.5,0.0179806857638888,0.0162483656730915,0.430622472835078,0.6742405762751463,0.2327243030710606,1.8072120988824725,0.6956521739130435,6.0,0.0833333333333333,2.583333333333333,2025-10-11 15:53:38.850,15,1,-0.8353497940087824,1.7863494673336644,1.7863494673336648,1.4006510340922325,0.8214876798596424,1.4483003376235657,0.8353497940087826,-0.23321562075522834,frequent_walking,high_speed_high_distance,3
1760198018850 (1).mp4,14,54.91006711409396,66.18624161073826,0.015,0.005046200949661,0.086271914462496,0.7531581474735453,2.070525947099904,0.5,0.5,0.0247949218749999,0.0142841793841933,0.3764896924143135,0.6557573683521992,0.067396980232228,1.7161830397046496,0.7391304347826086,6.0,0.0833333333333333,1.7916666666666667,2025-10-11 15:53:38.850,15,1,-0.8353497940087824,1.0562174901115533,1.0562174901115526,1.2716987182186021,0.5803968371353978,1.3817178937143249,0.8353497940087826,-0.6918081205329888,frequent_walking,high_speed_high_distance,3
1760198018850 (1).mp4,15,58.83221476510067,70.10838926174497,0.0138189019097222,0.0049652163009881,0.010833186872355,0.0515586887898153,0.2599964849365214,0.5,0.5,0.0263807508680555,0.0120241371364398,0.0624071553517535,0.0476219288268451,0.2137201788107811,1.566251693944498,0.6521739130434783,6.0,0.0,1.4166666666666667,2025-10-11 15:53:38.850,15,1,-0.8353497940087824,-0.6079735064583942,-0.6079735064583935,1.0593050668676296,-0.8184306931854992,-0.8089810347518904,0.8353497940087826,-0.28593013098234077,normal,,0
1760198052975 (1).mp4,0,0.0,11.060876369327072,0.0542936197916666,0.2022858306001875,0.0905439499692302,0.4553923272011026,2.173054799261525,0.5,0.5,0.0161006221064814,0.0280364453939755,0.5628805947327361,0.4746975136581098,0.0659189804623057,1.09053013475876,0.5652173913043478,6.0,0.4583333333333333,0.8333333333333334,2025-10-11 15:54:12.975,15,1,-1.9828740819434143,1.8695077465209238,1.869507746520923,1.891573075800245,1.6782348446183413,1.1266464297216081,1.9828740819434136,-0.7713490480100278,frequent_walking,high_speed_high_distance,3
1760198052975 (1).mp4,1,3.847261345852895,14.908137715179969,0.0119288917824074,0.0190533000791626,0.0718976432730706,0.4553923272011026,1.7255434385536963,0.625,0.375,0.0151242404513888,0.0284503461539975,0.5628805947327361,0.4746975136581098,0.0985122545160244,0.7549849607076051,0.3478260869565217,6.0,0.5833333333333334,0.6666666666666666,2025-10-11 15:54:12.975,15,1,-1.2593929979910876,1.3216163680788058,1.3216163680788071,1.020713691836871,1.6782348446183413,1.1266464297216081,1.2593929979910872,-0.6993695257542037,frequent_walking,high_speed_high_distance,3
1760198052975 (1).mp4,2,7.69452269170579,18.75539906103286,0.0028824869791666,0.0022738972448686,0.0413774588278844,0.385494388071189,0.9930590118692256,0.8333333333333334,0.1666666666666666,0.0012879774305555,0.0028033138169603,0.1935449091873005,0.4178691846510277,0.1961916386222728,0.6710414546695296,0.3043478260869565,6.0,0.7916666666666666,0.2083333333333333,2025-10-11 15:54:12.975,15,1,-0.05359119140387629,0.4248304147819643,0.4248304147819635,0.8028503589405993,0.08030799773868702,0.8639219596251144,0.0535911914038758,-0.4836527680383981,normal,,0
1760198052975 (1).mp4,3,11.541784037558685,22.60266040688576,0.0016644965277777,0.0020168754956574,0.0150360220435501,0.3608645290452029,0.3608645290452029,0.9583333333333334,0.0416666666666666,0.0006051070601851,0.0022513539188495,0.1261383577725446,0.338101054451863,1.0,0.1676418827620521,0.0869565217391304,6.0,0.9166666666666666,0.0833333333333333,2025-10-11 15:54:12.975,15,1,0.6698898925484504,-0.349169838731366,-0.34916983873136614,-0.5036510452844486,-0.21132571754161358,0.49514392051451644,-0.6698898925484508,1.2914908318910585,activity_drop,low_active_ratio_low_distance,2
1760198052975 (1).mp4,4,15.38904538341158,26.449921752738653,0.0019780815972222,0.0023167965083422,0.0219303993116009,0.3608645290452029,0.5263295834784231,0.8333333333333334,0.1666666666666666,0.0012644675925925,0.0027283250668898,0.1261383577725446,0.338101054451863,0.3779206045526563,0.3021296334480771,0.1739130434782608,6.0,0.7916666666666666,0.2083333333333333,2025-10-11 15:54:12.975,15,1,-0.05359119140387629,-0.14658978218481422,-0.1465897821848132,-0.15460737316417478,-0.21132571754161358,0.49514392051451644,0.0535911914038758,-0.08231953204146115,normal,,0
1760198052975 (1).mp4,5,19.236306729264477,30.297183098591542,0.0008306206597222,0.0015996585973648,0.0007439684215473,0.0128292875712231,0.0178552421171356,0.9166666666666666,0.0833333333333333,0.0006593605324074,0.0017910401629722,0.0016319904499375,0.0177645470697834,0.9991101303615184,0.134487750686025,0.0869565217391304,6.0,0.875,0.125,2025-10-11 15:54:12.975,15,1,0.42872953123100777,-0.769118576426459,-0.7691185764264591,-0.5896978409721362,-0.7500011684622058,-0.9858118039452,-0.42872953123100843,1.2895256291519197,normal,,0
1760198052975 (1).mp4,6,23.08356807511737,34.144444444444446,0.0009698712384259,0.0015688178363967,0.0007439684215473,0.0128292875712231,0.0178552421171356,0.9166666666666666,0.0833333333333333,0.0006593605324074,0.0017910401629722,0.0016319904499375,0.0177645470697834,0.9991101303615184,0.134487750686025,0.0869565217391304,6.0,0.875,0.125,2025-10-11 15:54:12.975,15,1,0.42872953123100777,-0.769118576426459,-0.7691185764264591,-0.5896978409721362,-0.7500011684622058,-0.9858118039452,-0.42872953123100843,1.2895256291519197,normal,,0
1760198052975 (1).mp4,7,26.930829420970262,37.99170579029734,0.000314308449074,0.0003519267191616,0.0,0.0,0.0,1.0,0.0,0.0,0.0,0.0,0.0,0.0,0.0,0.0,6.0,1.0,0.0,2025-10-11 15:54:12.975,15,1,0.9110502538658924,-0.7909788778062979,-0.7909788778062985,-0.9387415130924102,-0.7570619574838654,-1.0679395261034816,-0.9110502538658926,-0.9169256081754036,activity_drop,low_active_ratio_low_distance,2
1760198052975 (1).mp4,8,30.77809076682316,41.83896713615023,0.0003441478587962,0.000378881702429,0.0,0.0,0.0,1.0,0.0,0.0,0.0,0.0,0.0,0.0,0.0,0.0,6.0,1.0,0.0,2025-10-11 15:54:12.975,15,1,0.9110502538658924,-0.7909788778062979,-0.7909788778062985,-0.9387415130924102,-0.7570619574838654,-1.0679395261034816,-0.9110502538658926,-0.9169256081754036,activity_drop,low_active_ratio_low_distance,2
1760198079586 (1).mp4,0,0.0,11.63056768558952,0.0452076099537037,0.2034318644794183,0.0275594480338709,0.261019200319336,0.6614267528129019,0.8333333333333334,0.1666666666666666,0.0026349103009259,0.00610311259209,0.1829732529731296,0.3343840294685922,0.2747056966162973,0.364372221634254,0.217391304347826,6.0,0.7916666666666666,0.2916666666666667,2025-10-11 15:54:39.586,15,1,0.5396317515304893,-0.02416296714391467,-0.024162967143915692,-0.44036011062855035,-0.060326991934453456,0.47257787146482605,-0.5396317515304891,-0.2293770458458244,normal,,0
1760198079586 (1).mp4,1,4.045414847161572,15.675982532751092,0.0015766059027777,0.0031122812291289,0.0108758000133056,0.261019200319336,0.261019200319336,0.9583333333333334,0.0416666666666666,0.0006846788194444,0.0026184157679492,0.1068580211102143,0.2381436252763333,1.0,0.0999142264042568,0.0869565217391304,6.0,0.9166666666666666,0.125,2025-10-11 15:54:39.586,15,1,1.1792928033446786,-0.6204484950126862,-0.620448495012685,-1.0438982152940495,-0.4662221892592436,-0.016553438811571723,-1.1792928033446783,1.969720478493175,normal,,0
1760199074898 (1).mp4,0,0.0,10.911759868421052,0.0493169487847222,0.2031848008451742,0.0294808606462435,0.2098204710156458,0.7075406555098454,0.7916666666666666,0.2083333333333333,0.0099327256944444,0.0263358306823388,0.2830824002092199,0.2078639910063034,0.3153539694527364,0.447832148070411,0.2608695652173913,6.0,0.75,0.4583333333333333,2025-10-11 16:11:14.898,16,1,0.5912194150315162,-0.13481436937548386,-0.13481436937548313,0.047835303382547614,-0.20715845874220748,-0.3542389857057821,-0.5912194150315163,0.02923162849266233,normal,,0
1760199074898 (1).mp4,1,3.795394736842105,14.707154605263156,0.0294610821759259,0.0331931346089765,0.0493195477161892,0.2162641486604483,1.183669145188541,0.5416666666666666,0.4583333333333333,0.0487141927083333,0.0618852767849056,0.565894949086459,0.4256576589554571,0.3391587301413065,0.377308934023792,0.217391304347826,6.0,0.5,0.8333333333333334,2025-10-11 16:11:14.898,16,1,-0.6607746403293414,0.7175535886664584,0.7175535886664569,-0.22750413524582425,0.9420713415129155,0.8469525459810124,0.6607746403293414,0.13911168846007924,frequent_walking,high_speed_high_distance,3
1760199074898 (1).mp4,2,7.59078947368421,18.50254934210526,0.0374526186342592,0.0290542859642259,0.0592056703358841,0.2162641486604483,1.4209360880612196,0.5,0.5,0.0697041377314814,0.0556251944155433,0.5306367635426495,0.4256576589554571,0.1749979471041754,0.6763620020298824,0.3043478260869565,6.0,0.2083333333333333,1.2083333333333333,2025-10-11 16:11:14.898,16,1,-0.8694403162228175,1.1423102331254236,1.142310233125424,0.9400703291065534,0.7987970855057726,0.8469525459810124,0.8694403162228177,-0.6186357604810512,frequent_walking,high_speed_high_distance,3
1760199074898 (1).mp4,3,11.386184210526316,22.297944078947367,0.0319534866898148,0.0301541089798518,0.0464682897883976,0.2162641486604483,1.1152389549215442,0.5,0.5,0.0607161458333333,0.0594034015556898,0.5306367635426495,0.4256576589554571,0.3751669004972981,0.7105358959673387,0.3043478260869565,6.0,0.3333333333333333,0.875,2025-10-11 16:11:14.898,16,1,-0.8694403162228175,0.5950494688527836,0.5950494688527852,1.0734933572496652,0.7987970855057726,0.8469525459810124,0.8694403162228177,0.30532129542886877,normal,,0
1760199074898 (1).mp4,4,15.18157894736842,26.093338815789476,0.0092484085648148,0.0147215127523359,0.0112374539576611,0.0922457562171727,0.2696988949838683,0.7083333333333334,0.2916666666666667,0.0211924913194444,0.0372882960486752,0.0941197476734269,0.1477193654601649,0.649449279656971,0.4014410249699565,0.1739130434782608,6.0,0.6666666666666666,0.4166666666666667,2025-10-11 16:11:14.898,16,1,0.17388806324456405,-0.9186412048939017,-0.9186412048939,-0.133286699698241,-0.9750222338523112,-0.6859530137709197,-0.1738880632445635,1.5713774706771066,normal,,0
1760199074898 (1).mp4,5,18.976973684210524,29.888733552631574,0.0008501519097222,0.0011977459372495,0.0,0.0,0.0,1.0,0.0,0.0,0.0,0.0,0.0,0.0,0.0,0.0,6.0,1.0,0.0,2025-10-11 16:11:14.898,16,1,1.6345477944988978,-1.401457716375281,-1.4014577163752826,-1.7006081547947018,-1.3574848199299412,-1.5006656384663355,-1.6345477944988973,-1.426406322577666,long_static,high_stationary_low_distance,1
1760199110854 (1).mp4,0,0.0,10.956944444444444,0.0501159215856481,0.2031355830121539,0.0279065939035006,0.2394657361181077,0.6697582536840153,0.7916666666666666,0.2083333333333333,0.0126904296875,0.0302583114226357,0.1609197375185862,0.4205731432739514,0.4907502753396695,0.4868811219978654,0.2608695652173913,6.0,0.7083333333333334,0.625,2025-10-11 16:11:50.854,16,1,0.3264114009257591,-0.011755725162757323,-0.011755725162757443,-0.16077397270216826,-0.17793047008254392,0.9106245995620869,-0.3264114009257592,0.42567166472716617,normal,,0
1760199110854 (1).mp4,1,3.811111111111111,14.768055555555556,0.0082362196180555,0.0182117663304125,0.0219343338646345,0.2394657361181077,0.526424012751228,0.8333333333333334,0.1666666666666666,0.0119028501157407,0.0303355023728468,0.1609197375185862,0.4205731432739514,0.8044397986689361,0.4347013618788583,0.217391304347826,6.0,0.75,0.5416666666666666,2025-10-11 16:11:50.854,16,1,0.5396317515304893,-0.22520857584955684,-0.22520857584955825,-0.2798570561867011,-0.17793047008254392,0.9106245995620869,-0.5396317515304891,1.3767805469370518,activity_drop,low_active_ratio_low_distance,2
1760199110854 (1).mp4,2,7.622222222222222,18.579166666666666,0.000690285011574,0.00111257593222,0.0,0.0,0.0,1.0,0.0,0.0,0.0,0.0,0.0,0.0,0.0,0.0,6.0,1.0,0.0,2025-10-11 16:11:50.854,16,1,1.3925131539494082,-1.0091573759441952,-1.0091573759441963,-1.271919466006097,-1.0360576414113534,-1.226892323431029,-1.3925131539494078,-1.0622866861565246,long_static,high_stationary_low_distance,1
1760199786715 (1).mp4,0,0.0,11.52400835073069,0.0678794126157407,0.1998217984260294,0.0851893080274862,0.3742941056009803,2.04454339265967,0.5,0.5,0.0454821325231481,0.0450728803591429,0.5135100298730746,0.6158118101595125,0.103686528333102,0.6512573758395808,0.391304347826087,6.0,0.2916666666666667,1.125,2025-10-11 16:23:06.715,16,1,-1.0190493307301363,1.166150693502053,1.1661506935020527,1.0375644262255077,0.8316075544682208,0.7638602049057116,1.019049330730136,-0.5640174539266143,frequent_walking,high_speed_high_distance,3
1760199786715 (1).mp4,1,4.008350730688935,15.532359081419624,0.0180882884837962,0.0235776352920053,0.057949858031422,0.3742941056009803,1.390796592754129,0.5833333333333334,0.4166666666666667,0.0320153356481481,0.0452610901438831,0.5135100298730746,0.6158118101595125,0.3107339294313449,0.5180618584399845,0.3043478260869565,6.0,0.5416666666666666,0.625,2025-10-11 16:23:06.715,16,1,-0.6793662204867573,0.4584926960307105,0.4584926960307103,0.5850111438822168,0.8316075544682208,0.7638602049057116,0.6793662204867574,0.049580283882738954,normal,,0
1760199786715 (1).mp4,2,8.01670146137787,19.54070981210856,0.0017668547453703,0.0032161915243877,0.0180663412515941,0.3742941056009803,0.4335921900382604,0.9166666666666666,0.0833333333333333,0.0021348741319444,0.0082154944331384,0.1750976716872279,0.3376833648620665,0.7615953983572468,0.2142060972743968,0.1739130434782608,6.0,0.875,0.1666666666666666,2025-10-11 16:23:06.715,16,1,0.6793662204867573,-0.5776475204790108,-0.5776475204790098,-0.4473878794412415,-0.4897629249904847,-0.18676820641430286,-0.6793662204867574,1.3857360430514694,activity_drop,low_active_ratio_low_distance,2
1760199786715 (1).mp4,3,12.025052192066807,23.54906054279749,0.0006539351851851,0.0007246807943511,0.0,0.0,0.0,1.0,0.0,0.0,0.0,0.0,0.0,0.0,0.0,0.0,6.0,1.0,0.0,2025-10-11 16:23:06.715,16,1,1.0190493307301363,-1.0469958690537524,-1.0469958690537533,-1.1751876906664833,-1.1734521839459569,-1.3409522033971204,-1.019049330730136,-0.8712988730075936,long_static,high_stationary_low_distance,1
1760199805763 (1).mp4,0,0.0,12.052741935483873,0.0490568938078703,0.2029471937648686,0.0258836254382394,0.2494642766563823,0.621207010517747,0.6666666666666666,0.3333333333333333,0.0127539062499999,0.0260606444097573,0.1251848823159655,0.2576400749571078,0.2172497769221589,0.513120130135163,0.1739130434782608,6.0,0.625,0.7083333333333334,2025-10-11 16:23:25.763,16,1,-0.3132496508884302,-0.08405806681388989,-0.08405806681388928,-0.10089209533364873,-0.3684916199186707,0.08253513067369794,0.3132496508884302,-0.4035838060099898,normal,,0
1760199805763 (1).mp4,1,4.192258064516129,16.244999999999997,0.0014161964699074,0.0047268681618368,0.0107896374500658,0.2494642766563823,0.2589512988015792,0.9166666666666666,0.0833333333333333,0.0022849754050925,0.0093496528622928,0.1200418949134134,0.2284611501644977,0.9966297972210348,0.2155746694553948,0.0869565217391304,6.0,0.875,0.1666666666666666,2025-10-11 16:23:25.763,16,1,0.9660724527399484,-0.6235280067262299,-0.6235280067262311,-0.779941421236277,-0.39591732480724595,-0.06576355776233662,-0.9660724527399484,1.9595019995210308,activity_drop,low_active_ratio_low_distance,2
1760199826255 (1).mp4,0,0.0,11.522200772200772,0.0623972800925925,0.2006348800118169,0.0759985587993478,0.2176012193017631,1.8239654111843475,0.5,0.5,0.036408058449074,0.0400518808608931,0.5548442431403411,0.3555982164035491,0.0298564117993852,0.7012072865960424,0.4347826086956521,6.0,0.2916666666666667,1.0,2025-10-11 16:23:46.255,16,1,-0.9296696802013681,1.153743497588381,1.1537434975883805,0.8909450825639533,0.8591336181178335,0.6959339796434689,0.9296696802013683,-0.7074364543440039,frequent_walking,high_speed_high_distance,3
1760199826255 (1).mp4,1,4.007722007722008,15.52992277992278,0.0135796440972222,0.0177799542449273,0.0527920041354061,0.2176012193017631,1.2670080992497474,0.5416666666666666,0.4583333333333333,0.0217326750578703,0.0341555456512367,0.5548442431403411,0.3555982164035491,0.3849544641727149,0.6332642169366672,0.391304347826087,6.0,0.5,0.7083333333333334,2025-10-11 16:23:46.255,16,1,-0.760638829255665,0.5001752773548025,0.500175277354803,0.6795439521488418,0.8591336181178335,0.6959339796434689,0.760638829255665,0.11082414415263188,normal,,0
1760199826255 (1).mp4,2,8.015444015444016,19.53764478764479,0.0026081452546296,0.0040051702473735,0.0113376168697777,0.2176012193017631,0.2721028048746658,0.875,0.125,0.002057472511574,0.0050157396079633,0.0913863615666972,0.2444440907812574,0.9326309195135956,0.3249797787226258,0.1739130434782608,6.0,0.8333333333333334,0.25,2025-10-11 16:23:46.255,16,1,0.5916079783099617,-0.6673082417807515,-0.667308241780751,-0.27966614911044496,-0.7049296867816921,0.03300483257276058,-0.5916079783099615,1.3728475800305457,activity_drop,low_active_ratio_low_distance,2
1760199826255 (1).mp4,3,12.023166023166024,23.5453667953668,0.0008177806712962,0.0013262093553375,0.0,0.0,0.0,1.0,0.0,0.0,0.0,0.0,0.0,0.0,0.0,0.0,6.0,1.0,0.0,2025-10-11 16:23:46.255,16,1,1.0987005311470717,-0.9866105331624317,-0.9866105331624325,-1.29082288560235,-1.013337549453975,-1.4248727918596984,-1.0987005311470714,-0.7762352698391739,long_static,high_stationary_low_distance,1
1760199849264 (1).mp4,0,0.0,11.257421875,0.0443059172453703,0.2035849405236916,0.0269683322117599,0.1540796500509428,0.6472399730822382,0.7083333333333334,0.2916666666666667,0.0032452618634259,0.0055734503546546,0.1441745126607716,0.2058923826328897,0.2803885126053355,0.4988845344445817,0.217391304347826,6.0,0.6666666666666666,0.375,2025-10-11 16:24:09.264,16,1,-0.10002930028370008,-0.045289869940267104,-0.04528986994026754,-0.13338014484187263,-0.2672267407705422,-0.18046684612349226,0.10002930028370063,-0.21214670705167474,normal,,0
1760199849264 (1).mp4,1,3.915625,15.173046875,0.0008506944444444,0.0018372894076503,0.003508810754167,0.0842114581000088,0.0842114581000088,0.9583333333333334,0.0416666666666666,0.0004761646412037,0.0016149624691856,0.0841023128435434,0.0042860995901042,1.0,0.0044277278058655,0.0,6.0,0.9166666666666666,0.125,2025-10-11 16:24:09.264,16,1,1.1792928033446786,-0.8837499668355246,-0.8837499668355248,-1.2618146384110656,-0.5875702095057127,-1.2051086918463705,-1.1792928033446783,1.969720478493175,long_static,high_stationary_low_distance,1
1760199946708 (1).mp4,0,0.0,11.786476868327403,0.0427387152777777,0.2039041656887762,0.0,0.0,0.0,1.0,0.0,0.0003965928819444,0.0019429003927674,0.0,0.0,0.0,0.0,0.0,6.0,0.9583333333333334,0.0416666666666666,2025-10-11 16:25:46.708,16,1,1.3925131539494082,-1.0091573759441952,-1.0091573759441963,-1.271919466006097,-1.0360576414113534,-1.226892323431029,-1.3925131539494078,-1.0622866861565246,long_static,high_stationary_low_distance,1
1760199946708 (1).mp4,1,4.099644128113879,15.886120996441282,6.401909722222221e-05,0.0001457390051248,0.0,0.0,0.0,1.0,0.0,0.0,0.0,0.0,0.0,0.0,0.0,0.0,5.0,1.0,0.0,2025-10-11 16:25:46.708,16,1,1.3925131539494082,-1.0091573759441952,-1.0091573759441963,-1.271919466006097,-1.0360576414113534,-1.226892323431029,-1.3925131539494078,-1.0622866861565246,long_static,high_stationary_low_distance,1
1760200120433 (1).mp4,0,0.0,11.271204188481676,0.0427842881944444,0.2039214906001982,0.0017669724109016,0.0424073378616396,0.0424073378616396,0.9583333333333334,0.0416666666666666,0.0013585069444444,0.0047778917141966,0.0367577186522397,0.021148343291947,1.0,0.2277825803711769,0.0869565217391304,6.0,0.9166666666666666,0.1666666666666666,2025-10-11 16:28:40.433,16,1,1.1792928033446786,-0.9460045166016066,-0.9460045166016058,-0.7520808931035255,-0.8400419281250731,-1.119408185647273,-1.1792928033446783,1.969720478493175,long_static,high_stationary_low_distance,1
1760200120433 (1).mp4,1,3.92041884816754,15.191623036649217,0.0003309461805555,0.0005493037120139,0.0,0.0,0.0,1.0,0.0,0.0,0.0,0.0,0.0,0.0,0.0,0.0,6.0,1.0,0.0,2025-10-11 16:28:40.433,16,1,1.3925131539494082,-1.0091573759441952,-1.0091573759441963,-1.271919466006097,-1.0360576414113534,-1.226892323431029,-1.3925131539494078,-1.0622866861565246,long_static,high_stationary_low_distance,1
1760200189083 (1).mp4,0,0.0,12.0,0.0613407841435185,0.2009314190154671,0.0680286807567207,0.3107430720963101,1.6326883381612969,0.5,0.5,0.0323158998842592,0.0419797413690141,0.3335143012900099,0.4198128257111301,0.058036251663215,1.0786854409150748,0.5217391304347826,6.0,0.3333333333333333,1.0833333333333333,2025-10-11 16:29:49.083,16,1,-0.637792804143281,1.32317927652754,1.323179276527538,-0.15679059012056437,1.0892260437029238,1.1615974092674497,0.6377928041432809,-1.217456455252162,frequent_walking,high_speed_high_distance,3
1760200189083 (1).mp4,1,4.173913043478261,16.17391304347826,0.0165435112847222,0.0199221994518281,0.0861033387267335,0.3522883276712471,2.0664801294416044,0.5,0.5,0.0248119212962962,0.0390074669086035,0.3705317486678932,0.4198128257111301,0.1026230144382492,0.9022351449047024,0.4782608695652174,6.0,0.4166666666666667,0.8333333333333334,2025-10-11 16:29:49.083,16,1,-0.637792804143281,2.003623070253217,2.003623070253216,-0.6462443627246016,1.3825006545853475,1.1615974092674497,0.6377928041432809,-0.9585989245152514,frequent_walking,high_speed_high_distance,3
1760200189083 (1).mp4,2,8.347826086956522,20.34782608695652,0.0068907335069444,0.0057058834025752,0.0550692333298659,0.3522883276712471,1.3216615999167838,0.5,0.5,0.0062870732060185,0.0080873514667237,0.3074392229683099,0.2737595404526028,0.2486350501854455,1.2525366182039326,0.5217391304347826,6.0,0.4166666666666667,0.75,2025-10-11 16:29:49.083,16,1,-0.637792804143281,0.8353041761329683,0.8353041761329694,0.3254535121544623,0.8826434997889361,0.3146910723778313,0.6377928041432809,-0.11089631775519425,frequent_walking,high_speed_high_distance,3
1760200189083 (1).mp4,3,12.52173913043478,24.52173913043478,0.0098310908564814,0.0059295181353177,0.0550095768583999,0.4403616255645123,1.3202298446016,0.5,0.5,0.0103081597222222,0.0106675068006896,0.318640530076821,0.4025929896443616,0.120388418743412,1.469090398471024,0.5652173913043478,6.0,0.25,1.0416666666666667,2025-10-11 16:29:49.083,16,1,-0.637792804143281,0.8330583313799466,0.8330583313799483,0.9261499525682709,0.9713870306458435,1.0617462606997718,0.6377928041432809,-0.8554582521551509,frequent_walking,high_speed_high_distance,3
1760200189083 (1).mp4,4,16.695652173913043,28.695652173913043,0.0127656611689814,0.0059882641455308,0.0395491616685891,0.4403616255645123,0.9491798800461392,0.5,0.5,0.0142444299768518,0.0122429187173804,0.2896167709304129,0.4089650859998478,0.4083860308754382,1.8724116452722688,0.7391304347826086,6.0,0.125,1.5,2025-10-11 16:29:49.083,16,1,-0.637792804143281,0.2510310763258088,0.2510310763258077,2.0449188652972636,0.7414432535097236,1.0986955752816392,0.6377928041432809,0.8165705316067954,normal,,0
1760200189083 (1).mp4,5,20.869565217391305,32.869565217391305,0.0097885923032407,0.0081780514026895,0.0314347730085533,0.4403616255645123,0.7544345522052806,0.5,0.5,0.0106271701388888,0.0140309970004743,0.2896167709304129,0.4089650859998478,0.4588179426138553,1.2022235718650744,0.4782608695652174,6.0,0.4583333333333333,1.0833333333333333,2025-10-11 16:29:49.083,16,1,-0.637792804143281,-0.05444554252693856,-0.054445542526938916,0.18589063865093325,0.7414432535097236,1.0986955752816392,0.6377928041432809,1.1093632649302894,normal,,0
1760200189083 (1).mp4,6,25.043478260869563,37.04347826086956,0.0080958839699074,0.0071545815503374,0.0301564687085989,0.2130718249162728,0.7237552490063756,0.5,0.5,0.0080029296875,0.0110105565565034,0.2003205016313762,0.1410856751574411,0.2828927811074941,1.2629909457615371,0.4782608695652174,6.0,0.4583333333333333,1.125,2025-10-11 16:29:49.083,16,1,-0.637792804143281,-0.10256895536495221,-0.10256895536495152,0.3544526704375808,0.033984190636204545,-0.4546331989606789,0.6377928041432809,0.08799391520193962,normal,,0
1760200189083 (1).mp4,7,29.217391304347824,41.21739130434782,0.0067312282986111,0.0049720406391931,0.020217041040572,0.1653999960234244,0.4852089849737295,0.5,0.5,0.007286964699074,0.007289080790566,0.1078564058818914,0.1335624824017936,0.0428368307197788,1.1586958358608213,0.5217391304347826,6.0,0.4166666666666667,0.9166666666666666,2025-10-11 16:29:49.083,16,1,-0.637792804143281,-0.47675151976616376,-0.47675151976616376,0.06514947197733396,-0.6985723096730817,-0.49825727497596284,0.6377928041432809,-1.3056997886805277,normal,,0
1760200189083 (1).mp4,8,33.391304347826086,45.391304347826086,0.0068556495949074,0.0048622565296653,0.020217041040572,0.1653999960234244,0.4852089849737295,0.5,0.5,0.007286964699074,0.007289080790566,0.1078564058818914,0.1335624824017936,0.0428368307197788,1.158695835860821,0.5217391304347826,6.0,0.4166666666666667,0.9166666666666666,2025-10-11 16:29:49.083,16,1,-0.637792804143281,-0.47675151976616376,-0.47675151976616376,0.06514947197733335,-0.6985723096730817,-0.49825727497596284,0.6377928041432809,-1.3056997886805277,normal,,0
1760200189083 (1).mp4,9,37.56521739130434,49.56521739130434,0.0038322844328703,0.0046391161022558,0.0011303323520705,0.0092746037486099,0.0271279764496943,0.7916666666666666,0.2083333333333333,0.0040872757523148,0.0068344597862182,0.011843781477092,0.0088519431517682,0.4107725147962059,0.3687705425685942,0.1739130434782608,6.0,0.7083333333333334,0.4166666666666667,2025-10-11 16:29:49.083,16,1,1.5944820103582014,-1.195295267110535,-1.195295267110534,-2.126016672932411,-1.4592424005811162,-1.2214053081120508,-1.5944820103582016,0.8304257499815904,long_static,high_stationary_low_distance,1
1760200189083 (1).mp4,10,41.73913043478261,53.7391304347826,0.0032960792824074,0.0036747700353618,0.0060930011539414,0.0696711702886394,0.1462320276945942,0.7916666666666666,0.2083333333333333,0.0037367983217592,0.0061223893235642,0.067040867281355,0.0338362735849892,0.4585694418218888,0.6683169493179327,0.2608695652173913,6.0,0.6666666666666666,0.375,2025-10-11 16:29:49.083,16,1,1.5944820103582014,-1.008469204224505,-1.0084692042245065,-1.2951077871528789,-1.0219376967791802,-1.0765308691058688,-1.5944820103582016,1.107920542978952,long_static,high_stationary_low_distance,1
1760200189083 (1).mp4,11,45.91304347826087,57.91304347826087,0.0049853515624999,0.0035180817248965,0.0072222557142291,0.0696711702886394,0.1733341371414995,0.75,0.25,0.0071084707754629,0.0060332333239194,0.0720627120310329,0.0342779622287691,0.4228885330438928,1.1519553482633629,0.4782608695652174,6.0,0.3333333333333333,0.7083333333333334,2025-10-11 16:29:49.083,16,1,1.275585608286561,-0.9659569609301086,-0.9659569609301094,0.04645209850524419,-0.9821516048361236,-1.0739696880226275,-1.2755856082865609,0.9007677611696222,long_static,high_stationary_low_distance,1
1760200189083 (1).mp4,12,50.086956521739125,62.086956521739125,0.0056199363425925,0.0027538276702269,0.0072222557142291,0.0696711702886394,0.1733341371414995,0.75,0.25,0.0071084707754629,0.0060332333239194,0.0720627120310329,0.0342779622287691,0.4228885330438928,1.211110762647171,0.5217391304347826,6.0,0.3333333333333333,0.7083333333333334,2025-10-11 16:29:49.083,16,1,1.275585608286561,-0.9659569609301086,-0.9659569609301094,0.21054273136203489,-0.9821516048361236,-1.0739696880226275,-1.2755856082865609,0.9007677611696222,long_static,high_stationary_low_distance,1
1760200577164 (1).mp4,0,0.0,11.429591836734694,0.0670603660300926,0.2005268995598392,0.0778968268919693,0.4403690703238888,1.8695238454072636,0.5,0.5,0.0538179976851851,0.0646493351720236,0.5487052170996454,0.5690916481930802,0.0803965168421939,0.6451971989318807,0.391304347826087,6.0,0.4583333333333333,0.875,2025-10-11 16:36:17.164,16,1,-1.1666666666666665,1.1359013124538413,1.1359013124538409,1.034514963088956,0.8660254037844386,0.8964137931085288,1.1666666666666667,-0.18796167985580153,frequent_walking,high_speed_high_distance,3
1760200577164 (1).mp4,1,3.975510204081633,15.405102040816326,0.0158503327546296,0.0232156741268358,0.0546065899011278,0.4403690703238888,1.3105581576270684,0.6666666666666666,0.3333333333333333,0.0317491319444444,0.0495688618449006,0.5487052170996454,0.5492885031664325,0.3752402942589055,0.5239967439008603,0.2608695652173913,6.0,0.625,0.5416666666666666,2025-10-11 16:36:17.164,16,1,-0.5,0.5449958848176106,0.5449958848176112,0.6792184443869949,0.8660254037844386,0.835094206923539,0.5,1.4657205051214932,normal,,0
1760200577164 (1).mp4,2,7.951020408163266,19.38061224489796,0.0009107349537037,0.0025128041414541,0.0,0.0,0.0,1.0,0.0,0.0002260561342592,0.0011074443643225,0.0,0.0,0.0,0.0,0.0,6.0,0.9583333333333334,0.0833333333333333,2025-10-11 16:36:17.164,16,1,0.8333333333333335,-0.8404485986357259,-0.840448598635726,-0.8568667037379754,-0.8660254037844386,-0.8657540000160338,-0.8333333333333333,-0.6388794126328458,long_static,high_stationary_low_distance,1
1760200577164 (1).mp4,3,11.926530612244898,23.35612244897959,0.0002851924189814,0.0004054153592192,0.0,0.0,0.0,1.0,0.0,0.0,0.0,0.0,0.0,0.0,0.0,0.0,6.0,1.0,0.0,2025-10-11 16:36:17.164,16,1,0.8333333333333335,-0.8404485986357259,-0.840448598635726,-0.8568667037379754,-0.8660254037844386,-0.8657540000160338,-0.8333333333333333,-0.6388794126328458,long_static,high_stationary_low_distance,1
1760200600427 (1).mp4,0,0.0,11.48875305623472,0.0606354890046296,0.2017452158705625,0.0636225720732524,0.4667847777326837,1.5269417297580596,0.625,0.375,0.0352577039930555,0.0518907066850918,0.5104125429246762,0.5741043184522798,0.121256675974714,0.4731657129678613,0.3043478260869565,6.0,0.5833333333333334,0.6666666666666666,2025-10-11 16:36:40.427,16,1,-0.5264700014931598,1.2647589118068112,1.264758911806812,-0.19207486781589553,1.6857891526782036,1.6909299766387489,0.52647000149316,-0.6946355758395846,frequent_walking,high_speed_high_distance,3
1760200600427 (1).mp4,1,3.9960880195599024,15.484841075794622,0.0109548611111111,0.0205054798399542,0.0437367952739882,0.4667847777326837,1.0496830865757183,0.7916666666666666,0.2083333333333333,0.0210273799189814,0.0435623718993457,0.4776019140172462,0.5741043184522798,0.5066211693212719,0.3840272215125714,0.2608695652173913,6.0,0.75,0.2916666666666667,2025-10-11 16:36:40.427,16,1,0.3264114009257591,0.5540270082558966,0.554027008255897,-0.39550405943053857,1.5108218515377818,1.6909299766387489,-0.3264114009257592,0.47379232898878043,normal,,0
1760200600427 (1).mp4,2,7.992176039119805,19.48092909535453,0.0016144024884259,0.0025057667829247,0.0052080398154238,0.1116786370671367,0.1249929555701723,0.9166666666666666,0.0833333333333333,0.0008313440393518,0.0019041153673272,0.0967296140874733,0.0558166618104462,0.8109526466122674,0.2756821470206844,0.1304347826086956,6.0,0.8333333333333334,0.2916666666666667,2025-10-11 16:36:40.427,16,1,0.9660724527399484,-0.8230183033220951,-0.8230183033220946,-0.6427659387766566,-0.520233346638168,-0.9432102550135094,-0.9660724527399484,1.3965275485635062,long_static,high_stationary_low_distance,1
1760200627270 (1).mp4,0,0.0,11.716981132075473,0.0594001374421296,0.2021404156658802,0.0604307778914597,0.4862935161328051,1.450338669395033,0.7083333333333334,0.2916666666666667,0.0349448423032407,0.0609914491300311,0.5467264912453971,0.571563488757058,0.1512508287816847,0.3673302801616466,0.1739130434782608,6.0,0.6666666666666666,0.5833333333333334,2025-10-11 16:37:07.270,16,1,-1.2487403725296997,1.0959001759874933,1.0959001759874922,1.1259229690307233,0.8660254037844386,0.8660254037844387,1.2487403725296995,-0.052633222528675146,frequent_walking,high_speed_high_distance,3
1760200627270 (1).mp4,1,4.075471698113208,15.792452830188678,0.0106374782986111,0.021899268928232,0.0450258081856563,0.4862935161328051,1.0806193964557531,0.8333333333333334,0.1666666666666666,0.0207074652777777,0.0457500792303954,0.5467264912453971,0.571563488757058,0.5037816907959874,0.2615593073878757,0.1304347826086956,6.0,0.7916666666666666,0.2916666666666667,2025-10-11 16:37:07.270,16,1,-0.3672765801557942,0.6003328618250992,0.6003328618251005,0.5591190688302873,0.8660254037844386,0.8660254037844387,0.36727658015579356,1.4308870942352896,normal,,0
1760200627270 (1).mp4,2,8.150943396226415,19.867924528301884,0.0004732711226851,0.0011493522463487,0.0,0.0,0.0,1.0,0.0,0.0,0.0,0.0,0.0,0.0,0.0,0.0,6.0,1.0,0.0,2025-10-11 16:37:07.270,16,1,0.8080084763427462,-0.8481165189062961,-0.8481165189062964,-0.8425210189305052,-0.8660254037844386,-0.8660254037844387,-0.8080084763427464,-0.6891269358533073,long_static,high_stationary_low_distance,1
1760200627270 (1).mp4,3,12.226415094339622,23.943396226415093,0.0008805338541666,0.0012569010933741,0.0,0.0,0.0,1.0,0.0,0.0,0.0,0.0,0.0,0.0,0.0,0.0,6.0,1.0,0.0,2025-10-11 16:37:07.270,16,1,0.8080084763427462,-0.8481165189062961,-0.8481165189062964,-0.8425210189305052,-0.8660254037844386,-0.8660254037844387,-0.8080084763427464,-0.6891269358533073,long_static,high_stationary_low_distance,1
1760200631663 (1).mp4,0,0.0,11.522200772200772,0.0648437499999999,0.2006067846150993,0.0758240684802658,0.3744470147988676,1.8197776435263813,0.5,0.5,0.0419337745949074,0.0471177348413524,0.6167577541029989,0.5016950685859647,0.0722615015819028,0.9082796967432278,0.4347826086956521,6.0,0.3333333333333333,1.0,2025-10-11 16:37:11.663,16,1,-0.8053872662568289,1.0807453661546216,1.0807453661546225,0.5995778772997582,0.4999999999999999,0.7884329548526888,0.8053872662568295,-1.17706631397684,frequent_walking,high_speed_high_distance,3
1760200631663 (1).mp4,1,4.007722007722008,15.52992277992278,0.0136161747685185,0.0205464927045068,0.049640737767383,0.3744470147988676,1.191377706417194,0.5416666666666666,0.4583333333333333,0.021622902199074,0.0383807271919303,0.6167577541029989,0.4471182839475039,0.4386714091908654,1.0646993610382791,0.5217391304347826,6.0,0.5,0.625,2025-10-11 16:37:11.663,16,1,-0.6040404496926218,0.24648555958763813,0.24648555958763857,0.993609173423414,0.4999999999999999,0.5447494761303205,0.6040404496926222,-0.2220255674059769,normal,,0
1760200631663 (1).mp4,2,8.015444015444016,19.53764478764479,0.0118191189236111,0.0207605221044559,0.0420190475891823,0.3744470147988676,1.0084571421403754,0.6666666666666666,0.3333333333333333,0.0179361979166666,0.0370747528532707,0.6167577541029989,0.348790991756572,0.5844810893915329,0.5280107340435288,0.2608695652173913,6.0,0.625,0.5,2025-10-11 16:37:11.663,16,1,0.0,0.003641368239182735,0.003641368239180966,-0.3583443438189648,0.4999999999999999,0.10572147598038714,2.6824784602147293e-16,0.158024706738679,normal,,0
1760200631663 (1).mp4,3,12.023166023166024,23.5453667953668,0.0012150969328703,0.0014626120021529,0.0001351976377254,0.0032447433054112,0.0032447433054112,0.9583333333333334,0.0416666666666666,0.0003358289930555,0.0011384886578544,0.0015554678565843,0.0028476093245288,1.0,0.1800648194481304,0.0869565217391304,6.0,0.9166666666666666,0.0833333333333333,2025-10-11 16:37:11.663,16,1,1.4094277159494513,-1.3308722939814428,-1.3308722939814426,-1.2348427069042078,-1.5,-1.4389039069633969,-1.4094277159494508,1.2410671746441384,long_static,high_stationary_low_distance,1
1760200745962 (1).mp4,0,0.0,12.004744958481613,0.0665373625578703,0.2004685495458584,0.0715315150451226,0.2602967034410698,1.7167563610829428,0.5,0.5,0.0451777705439814,0.0602057720731135,0.5871525386702067,0.3446565621396655,0.0521094512171413,0.8538123010250922,0.391304347826087,6.0,0.2916666666666667,1.0416666666666667,2025-10-11 16:39:05.962,16,1,-0.7442035684615206,1.5561003370824353,1.5561003370824338,0.7583240242601842,1.007980649381968,0.9958099732600774,0.7442035684615208,-1.029134520177526,frequent_walking,high_speed_high_distance,3
1760200745962 (1).mp4,1,4.175563463819692,16.180308422301305,0.017163990162037,0.0212667596994179,0.0515182980184162,0.2602967034410698,1.2364391524419909,0.5,0.5,0.027554615162037,0.0374527768857763,0.5871525386702067,0.3240521308591766,0.3686740948576921,0.790575873921308,0.3478260869565217,6.0,0.375,0.875,2025-10-11 16:39:05.962,16,1,-0.7442035684615206,0.6315242788317781,0.63152427883178,0.5770458869300017,1.007980649381968,0.8128280736294422,0.7442035684615208,0.06697728305394146,frequent_walking,high_speed_high_distance,3
1760200745962 (1).mp4,2,8.351126927639383,20.355871886120998,0.0146426504629629,0.0221647439794317,0.0359134359288457,0.2602967034410698,0.861922462292297,0.6666666666666666,0.3333333333333333,0.0234749348958333,0.0403482603817702,0.4289453568193647,0.2677120704348051,0.4170103582847489,0.4967487912953168,0.217391304347826,6.0,0.625,0.5833333333333334,2025-10-11 16:39:05.962,16,1,0.17173928502958172,-0.0893933957763119,-0.08939339577631326,-0.26526018055517225,0.15224354177244753,0.3124885524159427,-0.17173928502958172,0.23434262195344857,normal,,0
1760200745962 (1).mp4,3,12.526690391459072,24.531435349940686,0.011691261574074,0.0152520280127898,0.0281849029889034,0.144576501112916,0.6764376717336817,0.625,0.375,0.0204289641203703,0.0333511823615243,0.4750529835819213,0.1362358726936859,0.730594928823065,0.6268189402830412,0.3043478260869565,6.0,0.5833333333333334,0.5,2025-10-11 16:39:05.962,16,1,-0.0572464283431937,-0.44643826827916006,-0.4464382682791613,0.10760836073758843,0.4016380806482407,-0.8551129257022236,0.057246428343194,1.32013585876421,normal,,0
1760200745962 (1).mp4,4,16.702253855278766,28.70699881376038,0.0204276982060185,0.0168462759120998,0.0494055671693963,0.1471778445581384,1.1857336120655126,0.5,0.5,0.0362183521412037,0.0390408673803674,0.3941184778777881,0.2719195147626794,0.1814300114815603,0.89825525606749,0.391304347826087,6.0,0.375,0.875,2025-10-11 16:39:05.962,16,1,-0.7442035684615206,0.5339197628799087,0.5339197628799097,0.8857274288565959,-0.03613382709206883,0.3498536291425987,0.7442035684615208,-0.5813593331693129,normal,,0
1760200745962 (1).mp4,5,20.877817319098455,32.88256227758007,0.0182922815393518,0.0173488855268552,0.0443062303371298,0.1471778445581384,1.0633495280911174,0.5,0.5,0.0324884259259259,0.0379893293054795,0.3832217582052086,0.2719195147626794,0.2625371656210339,0.8982552560674901,0.391304347826087,6.0,0.4166666666666667,0.8333333333333334,2025-10-11 16:39:05.962,16,1,-0.7442035684615206,0.29833920919991586,0.29833920919991835,0.8857274288565963,-0.0950738022939298,0.3498536291425987,0.7442035684615208,-0.3005240890422492,normal,,0
1760200745962 (1).mp4,6,25.053380782918147,37.05812574139976,0.0095567491319444,0.0158167050433488,0.0219274925834432,0.1471778445581384,0.526259822002638,0.7916666666666666,0.2083333333333333,0.0159767433449074,0.0328592022422698,0.3507470399380502,0.2437020646759906,0.7822887407218012,0.149783330439483,0.0434782608695652,6.0,0.75,0.4166666666666667,2025-10-11 16:39:05.962,16,1,0.8586964251479086,-0.7355198207260613,-0.7355198207260601,-1.2598965846427463,-0.2707284164224622,0.09926274656462371,-0.8586964251479087,1.4991267805696478,activity_drop,low_active_ratio_low_distance,2
1760200745962 (1).mp4,7,29.22894424673784,41.233689205219456,0.0004644097222222,0.0002613835713277,0.0,0.0,0.0,1.0,0.0,0.0,0.0,0.0,0.0,0.0,0.0,0.0,6.0,1.0,0.0,2025-10-11 16:39:05.962,16,1,2.003624992011787,-1.7485321032125063,-1.7485321032125072,-1.6892763644430484,-2.1679068753761612,-2.064983678453062,-2.0036249920117863,-1.2095646019521613,long_static,high_stationary_low_distance,1
1760200771509 (1).mp4,0,0.0,11.368421052631575,0.0724491825810185,0.1999088515034747,0.0732376220416988,0.2941113960683039,1.7577029290007715,0.5,0.5,0.0615062572337962,0.0753970479103292,0.5511962702269153,0.4743321675361654,0.0337856960572063,0.6213858208401859,0.2608695652173913,6.0,0.4166666666666667,0.9166666666666666,2025-10-11 16:39:31.509,16,1,-0.7833494518006404,0.7791963062586073,0.7791963062586065,-0.018571924332826582,0.8297129645036659,0.7196853181778577,0.7833494518006403,-0.892402382618317,frequent_walking,high_speed_high_distance,3
1760200771509 (1).mp4,1,3.954233409610984,15.32265446224256,0.0296730324074074,0.0307832761643769,0.0766300017042488,0.2941113960683039,1.8391200409019728,0.5,0.5,0.0591934317129629,0.0756963493153584,0.5511962702269153,0.4743321675361654,0.0687250193797442,0.9439169895107572,0.391304347826087,6.0,0.3333333333333333,0.9583333333333334,2025-10-11 16:39:31.509,16,1,-0.7833494518006404,0.8712479583064249,0.8712479583064255,1.1468254174533863,0.8297129645036659,0.7196853181778577,0.7833494518006403,-0.7289657695474926,frequent_walking,high_speed_high_distance,3
1760200771509 (1).mp4,2,7.908466819221967,19.276887871853543,0.0075989221643518,0.0161068230814999,0.0276956293857309,0.2139995789584571,0.664695105257542,0.7083333333333334,0.2916666666666667,0.0147603804976851,0.0419812027170945,0.1936330930354699,0.3080416663812302,0.3074474802471178,0.6707350196333838,0.2608695652173913,6.0,0.6666666666666666,0.375,2025-10-11 16:39:31.509,16,1,0.261116483933547,-0.4565780110476688,-0.4565780110476695,0.1597408425539407,-0.47878164206425183,-0.03843199848064677,-0.26111648393354664,0.3877127106830719,normal,,0
1760200771509 (1).mp4,3,11.862700228832953,23.231121281464528,0.0010277416087962,0.0018121161900054,0.0005243447477088,0.0093629622246903,0.0125842739450121,0.9166666666666666,0.0833333333333333,0.0008610026041666,0.0023284978024823,0.0018399927848584,0.0091803860579305,0.4882923107194181,0.2700650487856425,0.1304347826086956,6.0,0.875,0.125,2025-10-11 16:39:31.509,16,1,1.3055824196677337,-1.1938662535173625,-1.1938662535173625,-1.287994335674501,-1.1806442869430804,-1.4009386378750692,-1.305582419667734,1.2336554414827374,long_static,high_stationary_low_distance,1
1760200814999 (1).mp4,0,0.0,11.604545454545454,0.0610646339699074,0.2017276470446721,0.0621063146103102,0.3641874907972737,1.490551550647445,0.5,0.5,0.035807472511574,0.0525073216407766,0.5061098800459797,0.4680368813245475,0.134313273493008,0.970081084262061,0.4782608695652174,6.0,0.4583333333333333,0.9583333333333334,2025-10-11 16:40:14.999,16,1,-0.9296696802013681,0.8999353491829469,0.8999353491829463,0.871598531635245,0.8552813659251517,0.861759633372768,0.9296696802013683,-0.3896458640641204,frequent_walking,high_speed_high_distance,3
1760200814999 (1).mp4,1,4.036363636363636,15.64090909090909,0.017511574074074,0.026253827563219,0.0596406227147231,0.3641874907972737,1.4313749451533555,0.5416666666666666,0.4583333333333333,0.0325972945601851,0.0522310122469113,0.5061098800459797,0.4680368813245475,0.1745439374340083,0.945317084859832,0.4782608695652174,6.0,0.5,0.875,2025-10-11 16:40:14.999,16,1,-0.760638829255665,0.826204829804604,0.8262048298046046,0.8211514787406881,0.8552813659251517,0.861759633372768,0.760638829255665,-0.2653598564718306,frequent_walking,high_speed_high_distance,3
1760200814999 (1).mp4,2,8.072727272727272,19.67727272727273,0.0015232566550925,0.0028373882605075,0.0062959711345784,0.1141689879907204,0.1511033072298817,0.875,0.125,0.0022175202546296,0.0064822614721298,0.1023034638554216,0.0616011289211834,0.7329003599958634,0.2534870032628641,0.0869565217391304,6.0,0.8333333333333334,0.1666666666666666,2025-10-11 16:40:14.999,16,1,0.5916079783099617,-0.768937237255765,-0.7689372372557649,-0.5881842328902281,-0.6629598377427536,-0.7403484782902753,-0.5916079783099615,1.4595903127696725,activity_drop,low_active_ratio_low_distance,2
1760200814999 (1).mp4,3,12.10909090909091,23.71363636363636,0.0001750578703703,0.0002229254708939,0.0,0.0,0.0,1.0,0.0,0.0,0.0,0.0,0.0,0.0,0.0,0.0,6.0,1.0,0.0,2025-10-11 16:40:14.999,16,1,1.0987005311470717,-0.9572029417317857,-0.9572029417317857,-1.104565777485705,-1.0476028941075501,-0.9831707884552605,-1.0987005311470714,-0.8045845922337214,long_static,high_stationary_low_distance,1
1760201986069 (1).mp4,0,0.0,11.541218637992833,0.0442988642939814,0.203621962015138,0.0032210292548894,0.0640389992212221,0.0773047021173475,0.9166666666666666,0.0833333333333333,0.0031655092592592,0.0133719319979005,0.0260735074622842,0.0610724179369971,0.7258629500325129,0.2731819698773733,0.1304347826086956,6.0,0.875,0.125,2025-10-11 16:59:46.069,16,1,0.9660724527399484,-0.8940354837078589,-0.8940354837078572,-0.6484717680637977,-0.8970169895295647,-0.9164984503172463,-0.9660724527399484,1.1385349788958214,long_static,high_stationary_low_distance,1
1760201989080 (1).mp4,0,0.0,11.5359375,0.0429692925347222,0.2038700344828431,0.0141091585576128,0.1610253635505341,0.3386198053827094,0.875,0.125,0.0023710575810185,0.0066310793309361,0.0862289244055555,0.171922821624527,0.2130523435258263,0.2705418524720676,0.1304347826086956,6.0,0.8333333333333334,0.1666666666666666,2025-10-11 16:59:49.080,16,1,0.7528521021352188,-0.5048859451432186,-0.5048859451432166,-0.6544969648195503,-0.5762297537458105,-0.3531134182673669,-0.7528521021352186,-0.41631045414081014,activity_drop,low_active_ratio_low_distance,2
1760201989080 (1).mp4,1,4.0125,15.5484375,6.329571759259259e-06,3.1008442201031264e-05,0.0,0.0,0.0,1.0,0.0,0.0,0.0,0.0,0.0,0.0,0.0,0.0,1.0,1.0,0.0,2025-10-11 16:59:49.080,16,1,1.3925131539494082,-1.0091573759441952,-1.0091573759441963,-1.271919466006097,-1.0360576414113534,-1.226892323431029,-1.3925131539494078,-1.0622866861565246,long_static,high_stationary_low_distance,1
1760202000265 (1).mp4,0,0.0,11.521335807050091,0.0495061125578703,0.203007252595205,0.017575028095668,0.1505307904236004,0.4218006742960324,0.7916666666666666,0.2083333333333333,0.0122594762731481,0.0262575551445619,0.1308139419069555,0.2257818176742143,0.5610476693273666,0.3975355256577614,0.1739130434782608,6.0,0.75,0.5,2025-10-11 17:00:00.265,17,1,0.0,1.3832128512535267,1.3832128512535262,0.9021888027160039,1.4314460675979812,1.2217870517274911,-4.710277376051325e-16,-1.263294951907945,normal,,0
1760202000265 (1).mp4,1,4.007421150278294,15.528756957328389,0.009629810474537,0.0163574885708935,0.0077481776866543,0.0483736542624396,0.1859562644797047,0.75,0.25,0.0134968171296296,0.0260926729333226,0.0415587579738444,0.1431940880952568,0.770047440462821,0.3351880353012819,0.1739130434782608,6.0,0.7083333333333334,0.5833333333333334,2025-10-11 17:00:00.265,17,1,-0.7071067811865469,-0.1875254197258283,-0.18752541972582823,0.26418049307302205,-0.26582368644118637,0.0029507106580829784,0.7071067811865478,0.03984720015050537,normal,,0
1760202000265 (1).mp4,2,8.014842300556587,19.53617810760668,0.0096572989004629,0.0163410266427493,0.0077481776866543,0.0483736542624396,0.1859562644797047,0.75,0.25,0.0134968171296296,0.0260926729333226,0.0415587579738444,0.1431940880952568,0.770047440462821,0.3351880353012819,0.1739130434782608,6.0,0.7083333333333334,0.5833333333333334,2025-10-11 17:00:00.265,17,1,-0.7071067811865469,-0.1875254197258283,-0.18752541972582823,0.26418049307302205,-0.26582368644118637,0.0029507106580829784,0.7071067811865478,0.03984720015050537,normal,,0
1760202000265 (1).mp4,3,12.02226345083488,23.54359925788497,0.0045236545138888,0.0101532703396317,0.0026141122732828,0.0366321867324106,0.0627386945587892,0.875,0.125,0.0051200810185185,0.0127833436145243,0.0082195932135777,0.0598066039120619,0.9534842115872963,0.1695754902720371,0.1304347826086956,6.0,0.8333333333333334,0.25,2025-10-11 17:00:00.265,17,1,1.4142135623730956,-1.0081620118018697,-1.0081620118018702,-1.430549788862049,-0.8997986947156081,-1.2276884730436586,-1.4142135623730947,1.1836005516069321,long_static,high_stationary_low_distance,1
1760202033789 (1).mp4,0,0.0,11.533823529411764,0.0428448712384259,0.2039025786736538,0.0022274904896973,0.0534597717527363,0.0534597717527363,0.9583333333333334,0.0416666666666666,0.0015986689814814,0.0057442707758812,0.0494062093621745,0.020419933210362,1.0,0.0340804393309058,0.0,6.0,0.9166666666666666,0.125,2025-10-11 17:00:33.789,17,1,1.1792928033446786,-0.9295452706759363,-0.9295452706759357,-1.1941421095603075,-0.7725920694448013,-1.1231102500828345,-1.1792928033446783,1.969720478493175,long_static,high_stationary_low_distance,1
1760202033789 (1).mp4,1,4.011764705882353,15.545588235294115,1.826533564814815e-05,8.948150463726164e-05,0.0,0.0,0.0,1.0,0.0,0.0,0.0,0.0,0.0,0.0,0.0,0.0,1.0,1.0,0.0,2025-10-11 17:00:33.789,17,1,1.3925131539494082,-1.0091573759441952,-1.0091573759441963,-1.271919466006097,-1.0360576414113534,-1.226892323431029,-1.3925131539494078,-1.0622866861565246,long_static,high_stationary_low_distance,1
1760202040479 (1).mp4,0,0.0,11.525,0.0712263093171296,0.2000036457443244,0.0678231406420174,0.2471256557686023,1.6277553754084195,0.5,0.5,0.0554408998842592,0.0599126530202832,0.5161477502463254,0.5758609637038633,0.0869145279181738,0.6112913356236519,0.2608695652173913,6.0,0.4583333333333333,0.9583333333333334,2025-10-11 17:00:40.479,17,1,-1.166131053307349,1.4148902405957853,1.4148902405957862,0.12315128532391273,1.7163729537196555,1.699857933673108,1.1661310533073495,-0.7987612147964752,frequent_walking,high_speed_high_distance,3
1760202040479 (1).mp4,1,4.0086956521739125,15.533695652173911,0.0209349681712962,0.0265560848250243,0.047037754665819,0.228978501521833,1.1289061119796564,0.625,0.375,0.0377265986689814,0.0503556792293617,0.5161477502463254,0.5657500177672135,0.5107766036085181,0.5374394263534904,0.217391304347826,6.0,0.5833333333333334,0.6666666666666666,2025-10-11 17:00:40.479,17,1,-0.5264700014931598,0.6720056608266616,0.6720056608266606,-0.045391326927523824,1.7163729537196555,1.6484701586981856,0.52647000149316,0.4863916355199419,frequent_walking,high_speed_high_distance,3
1760202040479 (1).mp4,2,8.017391304347825,19.542391304347824,0.0025508174189814,0.0074853629954118,0.0016369684065824,0.0392872417579777,0.0392872417579777,0.9583333333333334,0.0416666666666666,0.0044301576967592,0.0181535297343131,0.013092611290145,0.0370414753290815,1.0,0.1661346586208292,0.0869565217391304,6.0,0.9166666666666666,0.2083333333333333,2025-10-11 17:00:40.479,17,1,1.1792928033446786,-0.9506509528153755,-0.9506509528153764,-0.8927719310788127,-0.9662394471676415,-1.038633083308866,-1.1792928033446783,1.969720478493175,long_static,high_stationary_low_distance,1
1760202044125 (1).mp4,0,0.0,11.542592592592593,0.068438404224537,0.2001374210497797,0.056835033239981,0.1722882598357148,1.3640407977595448,0.5,0.5,0.0521417462384259,0.0557362812578608,0.5532690194592961,0.5395428429821092,0.2080423475268123,0.6174649267266161,0.2608695652173913,6.0,0.375,0.8333333333333334,2025-10-11 17:00:44.125,17,1,-0.6092717958449422,0.49672342938378605,0.49672342938378483,0.5478002005801705,0.35474127742373085,0.8647082253789622,0.6092717958449426,-0.6585061084004967,normal,,0
1760202044125 (1).mp4,1,4.014814814814815,15.557407407407409,0.0329181134259259,0.0243265384023589,0.0689206554800038,0.1722882598357148,1.6540957315200933,0.5,0.5,0.0654553674768518,0.0572623194287889,0.5986641206218632,0.5395428429821092,0.0923936997577477,0.7592405659067213,0.3043478260869565,6.0,0.1666666666666666,1.125,2025-10-11 17:00:44.125,17,1,-0.6092717958449422,1.0231941139466914,1.023194113946692,1.1145186113109988,0.5688011228950708,0.8647082253789622,0.6092717958449426,-0.9434175305938369,frequent_walking,high_speed_high_distance,3
1760202044125 (1).mp4,2,8.02962962962963,19.572222222222223,0.0212089482060185,0.0268819137611145,0.0400387541978918,0.1587318347892725,0.9609301007494035,0.5416666666666666,0.4583333333333333,0.0410904947916666,0.0579710317029635,0.5986641206218632,0.3556648430754444,0.6204647897722932,0.3212940437735706,0.0869565217391304,6.0,0.5,0.6666666666666666,2025-10-11 17:00:44.125,17,1,-0.26111648393354675,-0.23495164284498155,-0.23495164284498293,-0.6360808459984525,0.5688011228950708,-0.7971851187862329,0.26111648393354675,0.35753572893469415,normal,,0
1760202044125 (1).mp4,3,12.044444444444446,23.58703703703704,0.0101880787037037,0.019567136443392,0.0159347042734084,0.1309770478365435,0.3824329025618024,0.75,0.25,0.0205445240162037,0.0461172502753569,0.1615626665178682,0.3407228327095598,0.980447744223822,0.2236886475021747,0.0869565217391304,6.0,0.7083333333333334,0.4166666666666667,2025-10-11 17:00:44.125,17,1,1.479660075623432,-1.2849659004854956,-1.284965900485495,-1.0262379658927165,-1.492343523213872,-0.9322313319716904,-1.4796600756234315,1.2443879100596393,long_static,high_stationary_low_distance,1
1760202070801 (1).mp4,0,0.0,12.10647810218978,0.0711015263310185,0.198909570397279,0.0800525150188411,0.2278049833332622,1.9212603604521865,0.5,0.5,0.0522095630787037,0.0422466127496147,0.5293139589884747,0.5036811843866857,0.1609275094859855,0.7981367713454425,0.4347826086956521,6.0,0.1666666666666666,1.4166666666666667,2025-10-11 17:01:10.801,17,1,-0.515338500882481,1.1787149172722633,1.1787149172722629,-0.429715391776552,1.001991935149952,0.9701677495513523,0.5153385008824813,-1.0166450857560703,frequent_walking,high_speed_high_distance,3
1760202070801 (1).mp4,1,4.210948905109489,16.31742700729927,0.0261624710648148,0.0188759823111083,0.0661324320278991,0.2190231331689568,1.5871783686695802,0.5,0.5,0.0454792390046296,0.0362786453451546,0.5293139589884747,0.5036811843866857,0.2215175183855238,1.206281397896114,0.6521739130434783,6.0,0.0833333333333333,1.5,2025-10-11 17:01:10.801,17,1,-0.515338500882481,0.7181255164447787,0.7181255164447804,0.9282328612085056,1.001991935149952,0.9701677495513523,0.5153385008824813,-0.7241808237070577,frequent_walking,high_speed_high_distance,3
1760202070801 (1).mp4,2,8.421897810218978,20.52837591240876,0.0118623408564814,0.0112509260215306,0.0467392105516389,0.279121249168257,1.121741053239334,0.5,0.5,0.0184306278935185,0.024442910439584,0.2557641724992111,0.3323527074846656,0.3502935450641643,1.1636488915673673,0.6521739130434783,6.0,0.25,1.2083333333333333,2025-10-11 17:01:10.801,17,1,-0.515338500882481,0.07644024303959998,0.07644024303959977,0.7863891770743753,-0.3380012212311976,0.02222749489670588,0.5153385008824813,-0.10258682997421419,normal,,0
1760202070801 (1).mp4,3,12.632846715328467,24.73932481751825,0.0067874710648148,0.006636087886486,0.0226681212467802,0.279121249168257,0.544034909922725,0.5416666666666666,0.4583333333333333,0.0083107277199074,0.0123234763313046,0.2557641724992111,0.2068677181337654,0.4371300612272486,0.9953400313062694,0.4782608695652174,6.0,0.5,0.7916666666666666,2025-10-11 17:01:10.801,17,1,-0.22903933372554722,-0.7200268906264953,-0.7200268906264959,0.22640453465721283,-0.3380012212311976,-0.6720661503369161,0.2290393337255472,0.3165677151365577,normal,,0
1760202070801 (1).mp4,4,16.843795620437955,28.95027372262773,0.0026897063078703,0.0020774272472406,0.0065527642171178,0.0960779044035968,0.1572663412108287,0.8333333333333334,0.1666666666666666,0.0011281105324074,0.0022841506777193,0.0536669656171155,0.0950940190671156,0.6878639882356727,0.4730525801270099,0.217391304347826,6.0,0.7916666666666666,0.2083333333333333,2025-10-11 17:01:10.801,17,1,1.7750548363729919,-1.2532537861301476,-1.2532537861301465,-1.5113111811635398,-1.3279814278375086,-1.2904968436624953,-1.7750548363729917,1.5268450243007836,long_static,high_stationary_low_distance,1
1760202102156 (1).mp4,0,0.0,10.84705882352941,0.0554078052662037,0.2026646883580449,0.0414855544703414,0.4938638074684457,0.995653307288194,0.75,0.25,0.0293751808449074,0.0587898172003962,0.1717635318589632,0.4937788274354654,0.252046475824328,0.6213586415798468,0.2608695652173913,6.0,0.7083333333333334,0.6666666666666666,2025-10-11 17:01:42.156,17,1,-1.166666666666667,1.0935278514241187,1.0935278514241185,1.0426590276955394,0.8660254037844387,0.8660254037844387,1.166666666666667,0.2317295851699569,frequent_walking,high_speed_high_distance,3
1760202102156 (1).mp4,1,3.772890025575448,14.619948849104858,0.0089834707754629,0.0198267094159261,0.0310179377069595,0.4938638074684457,0.7444305049670288,0.8333333333333334,0.1666666666666666,0.0190241608796296,0.0503677949647188,0.1717635318589632,0.4937788274354654,0.5242729518332762,0.4991119816760115,0.217391304347826,6.0,0.7916666666666666,0.5,2025-10-11 17:01:42.156,17,1,-0.5,0.6035113028232573,0.6035113028232578,0.6691353629801623,0.8660254037844387,0.8660254037844387,0.4999999999999996,1.3199926155850301,normal,,0
1760202102156 (1).mp4,2,7.545780051150895,18.392838874680304,2.133969907407408e-05,6.344009406711983e-05,0.0,0.0,0.0,1.0,0.0,0.0,0.0,0.0,0.0,0.0,0.0,0.0,3.0,1.0,0.0,2025-10-11 17:01:42.156,17,1,0.833333333333333,-0.8485195771236881,-0.8485195771236882,-0.855897195337851,-0.8660254037844387,-0.8660254037844387,-0.8333333333333334,-0.7758611003774937,long_static,high_stationary_low_distance,1
1760202102156 (1).mp4,3,11.318670076726342,22.165728900255758,4.3945312500000005e-05,9.394961237900634e-05,0.0,0.0,0.0,1.0,0.0,0.0,0.0,0.0,0.0,0.0,0.0,0.0,5.0,1.0,0.0,2025-10-11 17:01:42.156,17,1,0.833333333333333,-0.8485195771236881,-0.8485195771236882,-0.855897195337851,-0.8660254037844387,-0.8660254037844387,-0.8333333333333334,-0.7758611003774937,long_static,high_stationary_low_distance,1
1760202136847 (1).mp4,0,0.0,11.077078085642317,0.0543692129629629,0.2021871450330388,0.0527385147097992,0.5190027847722155,1.265724353035183,0.5833333333333334,0.4166666666666667,0.0205358434606481,0.0372134074312515,0.5350304819766459,0.2166009144365086,0.1354383347401198,0.7357004150813352,0.3478260869565217,6.0,0.5416666666666666,0.7916666666666666,2025-10-11 17:02:16.847,17,1,-1.3198240351921795,1.229450737072066,1.2294507370720664,1.1504775676886287,0.8660210516814913,0.8659947068697537,1.3198240351921795,-0.6802421942373371,frequent_walking,high_speed_high_distance,3
1760202136847 (1).mp4,1,3.852896725440806,14.929974811083122,0.0040879991319444,0.007729143560585,0.0313820056321931,0.5190027847722155,0.7531681351726354,0.7916666666666666,0.2083333333333333,0.0038686342592592,0.0092746892603997,0.5350304819766459,0.2166009144365086,0.6733097417050458,0.5063712539625599,0.3043478260869565,6.0,0.75,0.5,2025-10-11 17:02:16.847,17,1,-0.21997067253203031,0.4003612017757115,0.40036120177571083,0.44185672540364485,0.8660210516814913,0.8659947068697537,0.21997067253202973,0.5553045265315378,normal,,0
1760202136847 (1).mp4,2,7.705793450881612,18.782871536523928,0.0001296657986111,0.0003476755619681,0.0,0.0,0.0,1.0,0.0,0.0,0.0,0.0,0.0,0.0,0.0,0.0,6.0,1.0,0.0,2025-10-11 17:02:16.847,17,1,0.8798826901281196,-0.8179321237727458,-0.8179321237727472,-1.1228166146170258,-0.8699038456454701,-0.8763066100470831,-0.8798826901281197,-0.9913581750975435,long_static,high_stationary_low_distance,1
1760202136847 (1).mp4,3,11.558690176322418,22.63576826196473,0.0011640986689814,0.0022400236004749,0.0001559013594316,0.0033845581998865,0.0037416326263601,0.9583333333333334,0.0416666666666666,0.0006418185763888,0.0014678278489988,0.0023934366390647,0.0025639281060096,0.9175264787220396,0.2114254733209348,0.1304347826086956,6.0,0.8333333333333334,0.3333333333333333,2025-10-11 17:02:16.847,17,1,0.6599120175960898,-0.8118798150750314,-0.8118798150750299,-0.4695176784752481,-0.8621382577175128,-0.8556828036924241,-0.6599120175960901,1.1162958428033427,activity_drop,low_active_ratio_low_distance,2
1760202164760 (1).mp4,0,0.0,11.53524004085802,0.0553155743634259,0.2021782721883682,0.0566142150254976,0.432466801945364,1.3587411606119435,0.625,0.375,0.0096683304398148,0.0170701378696872,0.2440936308828357,0.3777255951620966,0.1817385798461959,0.5825109035421678,0.2608695652173913,6.0,0.5833333333333334,1.4583333333333333,2025-10-11 17:02:44.760,17,1,0.11420804814403235,-0.35373919407100535,-0.35373919407100546,-0.6693426094116589,-0.27438276519622395,-0.01769535091121641,-0.11420804814403206,0.3731454072773515,normal,,0
1760202164760 (1).mp4,1,4.012257405515832,15.547497446373852,0.0706070963541666,0.1010680352634149,0.0625719875582833,0.2332951137838304,1.5017277013988009,0.5,0.5,0.1317704716435185,0.2172494426281861,0.3989776298714975,0.2913135829479183,0.2466482811519726,0.760112627288985,0.3043478260869565,6.0,0.375,3.2916666666666665,2025-10-11 17:02:44.760,17,1,-0.5710402407201606,-0.19000277425068202,-0.1900027742506816,-0.2928165440241931,0.5511116337283752,-0.5756423993424594,0.5710402407201609,1.1728961184178441,normal,,0
1760202164760 (1).mp4,2,8.024514811031665,19.55975485188968,0.1112537977430555,0.0967015598209487,0.0789877850601958,0.3335809941905151,1.8957068414447007,0.5,0.5,0.2129081669560185,0.2122211996623708,0.5048182457676985,0.3337604186499813,0.1666647118039887,1.026311116682767,0.4347826086956521,6.0,0.125,3.9583333333333335,2025-10-11 17:02:44.760,17,1,-0.5710402407201606,0.26114971548725396,0.2611497154872543,0.27153985809278824,1.11521661662877,-0.30157070388752955,0.5710402407201609,0.18742067824797481,normal,,0
1760202164760 (1).mp4,3,12.036772216547496,23.572012257405515,0.1199562355324074,0.0909961588176373,0.120779370509333,0.5698180012433395,2.8987048922239924,0.5,0.5,0.2213096788194444,0.2052444966068487,0.5048182457676985,0.5373834772088535,0.1091616209659295,1.2585956964857636,0.5652173913043478,6.0,0.0416666666666666,4.458333333333333,2025-10-11 17:02:44.760,17,1,-0.5710402407201606,1.4097005442409196,1.4097005442409183,0.763996783837973,1.11521661662877,1.0131872979730485,0.5710402407201609,-0.521073381428455,frequent_walking,high_speed_high_distance,3
1760202164760 (1).mp4,4,16.04902962206333,27.584269662921347,0.072369068287037,0.0579257353212409,0.1086191148292167,0.5698180012433395,2.606858755901202,0.5,0.5,0.1176054325810185,0.1232500303741946,0.4770379369356504,0.5373834772088535,0.0884085322566711,1.336410218909155,0.6521739130434783,6.0,0.0,3.0,2025-10-11 17:02:44.760,17,1,-0.5710402407201606,1.0755023656087088,1.0755023656087086,0.9289681328765226,0.9671542635710468,1.0131872979730485,0.5710402407201609,-0.7767716379248849,frequent_walking,high_speed_high_distance,3
1760202164760 (1).mp4,5,20.06128702757916,31.59652706843718,0.0362581380208333,0.0262917887853709,0.1034789522575636,0.5698180012433395,2.4834948541815285,0.5,0.5,0.0478474030671296,0.0296889017143853,0.4129769240374603,0.4618812952677895,0.1551620525838644,1.477539670374015,0.6521739130434783,6.0,0.0,2.583333333333333,2025-10-11 17:02:44.760,17,1,-0.5710402407201606,0.9342361772563685,0.9342361772563694,1.2281708430152376,0.6257244988297346,0.5256830901121953,0.5710402407201609,0.045696718558724765,frequent_walking,high_speed_high_distance,3
1760202164760 (1).mp4,6,24.073544433094995,35.608784473953015,0.0184859664351851,0.012370280354855,0.0726000869479472,0.423411679282355,1.742402086750734,0.5,0.5,0.0327790436921296,0.0301151532272195,0.1719524843581211,0.4217379227308873,0.0897745190268199,1.2977691329103307,0.6086956521739131,6.0,0.1666666666666666,1.2083333333333333,2025-10-11 17:02:44.760,17,1,-0.5710402407201606,0.085597726209881,0.08559772620988086,0.8470467654117728,-0.6588776954472836,0.2664844480816673,0.5710402407201609,-0.7599413510978249,normal,,0
1760202164760 (1).mp4,7,28.085801838610827,39.62104187946885,0.0083704065393518,0.0087012885497116,0.0581533325323181,0.423411679282355,1.3956799807756357,0.5416666666666666,0.4583333333333333,0.013331886574074,0.0225616313057622,0.1719524843581211,0.4217379227308873,0.2650042160854478,0.8338636202319784,0.391304347826087,6.0,0.5,0.75,2025-10-11 17:02:44.760,17,1,-0.34262414443209643,-0.3114398969993634,-0.3114398969993633,-0.13646011568889824,-0.6588776954472836,0.2664844480816673,0.3426241444320965,1.3990591067135383,normal,,0
1760202164760 (1).mp4,8,32.09805924412666,43.63329928498468,0.002383716724537,0.00261033889472,0.0330501268188931,0.423411679282355,0.793203043653436,0.875,0.125,0.0014152922453703,0.0043029880066107,0.0691214255486367,0.4217379227308873,0.2119694505074613,0.4091852089653718,0.217391304347826,6.0,0.8333333333333334,0.1666666666666666,2025-10-11 17:02:44.760,17,1,1.4847046258724181,-1.0013469061894944,-1.0013469061894937,-1.0368032422970996,-1.2069424641580238,0.2664844480816673,-1.4847046258724181,0.7456191642562885,long_static,high_stationary_low_distance,1
1760202164760 (1).mp4,9,36.11031664964249,47.64555669050051,0.0008436414930555,0.0007101637603249,0.0,0.0,0.0,1.0,0.0,0.0,0.0,0.0,0.0,0.0,0.0,0.0,6.0,1.0,0.0,2025-10-11 17:02:44.760,17,1,2.1699529147366112,-1.9096577572925866,-1.9096577572925875,-1.9042998718124453,-1.575343009137885,-2.456602576162093,-2.1699529147366112,-1.8660508230205566,long_static,high_stationary_low_distance,1
1760202223699 (1).mp4,0,0.0,11.527380952380954,0.0454244429976851,0.2034083810766318,0.0369693441730694,0.4471692564797374,0.8872642601536672,0.8333333333333334,0.1666666666666666,0.0037901475694444,0.0084502473868538,0.0593660215177401,0.4899188399325512,0.133078681518654,0.2937153524124812,0.1739130434782608,6.0,0.7916666666666666,0.375,2025-10-11 17:03:43.699,17,1,0.5396317515304893,0.3121534595534027,0.3121534595534035,-0.6016110983123204,-0.7194799679474032,1.2630665053638377,-0.5396317515304891,-0.65879117032983,normal,,0
1760202223699 (1).mp4,1,4.0095238095238095,15.536904761904765,0.0026014539930555,0.0060950957800418,0.0161246993090537,0.3248343295819729,0.3869927834172908,0.9166666666666666,0.0833333333333333,0.0029213686342592,0.0082484200922751,0.0593660215177401,0.3812357043012803,0.994743447883398,0.152572794564641,0.0869565217391304,6.0,0.875,0.2916666666666667,2025-10-11 17:03:43.699,17,1,0.9660724527399484,-0.4328490753032114,-0.4328490753032096,-0.9237224104586645,-0.7194799679474032,0.7106963757655359,-0.9660724527399484,1.9537825748142834,activity_drop,low_active_ratio_low_distance,2
1760202223699 (1).mp4,2,8.019047619047619,19.54642857142857,5.0817418981481486e-05,0.0001417229022412,0.0,0.0,0.0,1.0,0.0,0.0,0.0,0.0,0.0,0.0,0.0,0.0,3.0,1.0,0.0,2025-10-11 17:03:43.699,17,1,1.3925131539494082,-1.0091573759441952,-1.0091573759441963,-1.271919466006097,-1.0360576414113534,-1.226892323431029,-1.3925131539494078,-1.0622866861565246,long_static,high_stationary_low_distance,1
1760202235428 (1).mp4,0,0.0,11.543083573487031,0.0495426432291666,0.202615872759983,0.0434652967355395,0.3745647366932793,1.04316712165295,0.5833333333333334,0.4166666666666667,0.0098907696759259,0.0150555627967487,0.1400938275031489,0.376629244728249,0.1213031954758322,0.7925805738818027,0.4347826086956521,6.0,0.5416666666666666,0.7083333333333334,2025-10-11 17:03:55.428,17,1,-0.25896432540071646,0.973750455169392,0.9737504551693928,0.14877424748116122,-0.1206553049773573,0.6513406901484153,0.2589643254007161,-0.7462535511517856,normal,,0
1760202235428 (1).mp4,1,4.014985590778098,15.55806916426513,0.019102466724537,0.0151629545574695,0.047018480639565,0.3745647366932793,1.1284435353495614,0.5,0.5,0.0289409722222222,0.0270731581095907,0.1506133833385771,0.4519204552019117,0.0936597427191404,0.8771341386502967,0.3478260869565217,6.0,0.2916666666666667,1.0833333333333333,2025-10-11 17:03:55.428,17,1,-0.71215189485197,1.1734046273720078,1.1734046273720076,0.4198543283754003,0.016125873102555102,1.0911102420374346,0.7121518948519692,-0.8449933271619676,frequent_walking,high_speed_high_distance,3
1760202235428 (1).mp4,2,8.029971181556196,19.573054755043227,0.0208629918981481,0.0139874083830123,0.0391452503333659,0.3745647366932793,0.9394860080007836,0.5,0.5,0.0288604962384259,0.0249639088211468,0.2025637113436265,0.4519204552019117,0.2161285407455449,0.9973889573587792,0.4347826086956521,6.0,0.125,1.3333333333333333,2025-10-11 17:03:55.428,17,1,-0.71215189485197,0.7310061133058335,0.7310061133058349,0.8053932003634955,0.691613239426256,1.0911102420374346,0.7121518948519692,-0.40754646436238096,frequent_walking,high_speed_high_distance,3
1760202235428 (1).mp4,3,12.044956772334292,23.588040345821323,0.0186642795138888,0.0156319179747258,0.0250087458783055,0.1860902446646758,0.6002099010793321,0.5,0.5,0.0259261067708333,0.0265220574770667,0.1332480608210232,0.2651407270224595,0.2321142451530203,1.036191781998986,0.391304347826087,6.0,0.2916666666666667,1.125,2025-10-11 17:03:55.428,17,1,-0.71215189485197,-0.06332713007514808,-0.06332713007515126,0.9297956767249852,-0.2096678114263284,0.00014574768701425923,0.7121518948519692,-0.3504470532847614,normal,,0
1760202235428 (1).mp4,4,16.05994236311239,27.603025936599423,0.0086203342013888,0.0078223189303673,0.0187936955986487,0.171777792480599,0.4510486943675699,0.5416666666666666,0.4583333333333333,0.0071243851273148,0.0086855638272694,0.2684422372425918,0.1789538925993388,0.5473697870965389,0.9088708771117604,0.391304347826087,6.0,0.5,0.875,2025-10-11 17:03:55.428,17,1,-0.4855581101263435,-0.4125521497474226,-0.41255214974742344,0.5216028194414871,1.5482028638931993,-0.50326421629872,0.4855581101263425,0.7756156665734235,normal,,0
1760202235428 (1).mp4,5,20.074927953890487,31.61801152737752,0.0039362702546296,0.0033904518822468,0.0083381270988037,0.171777792480599,0.2001150503712901,0.875,0.125,0.0012836371527777,0.0032148502759127,0.1351941764215686,0.1231689048311893,0.8697391064884008,0.3402942811620128,0.1304347826086956,6.0,0.8333333333333334,0.2916666666666667,2025-10-11 17:03:55.428,17,1,1.3271921676786698,-1.0000528055337203,-1.0000528055337208,-1.301262840293062,-0.18436332246437,-0.8290995816567407,-1.3271921676786702,1.9270881208095128,long_static,high_stationary_low_distance,1
1760202235428 (1).mp4,6,24.089913544668587,35.632997118155615,0.0033470775462962,0.0030079470613041,0.0011807190787787,0.0174398243841735,0.028337257890691,0.9166666666666666,0.0833333333333333,0.000751953125,0.0020940680133098,0.0154568352443352,0.0080767393656282,0.23126978303081,0.2707704259153579,0.0869565217391304,6.0,0.875,0.25,2025-10-11 17:03:55.428,17,1,1.5537859524042963,-1.4022291104909432,-1.4022291104909412,-1.5241574320934672,-1.7412555375539542,-1.5013431239548385,-1.553785952404297,-0.3534633914220421,long_static,high_stationary_low_distance,1
1760202247611 (1).mp4,0,0.0,11.523958333333333,0.0546988932291666,0.2015238269018602,0.0620276311633552,0.3083418472498371,1.488663147920525,0.5,0.5,0.0205541087962962,0.0195227674089526,0.2129667805409009,0.4633401463425632,0.1136193323031999,1.1051099671946627,0.6521739130434783,6.0,0.125,1.2083333333333333,2025-10-11 17:04:07.611,17,1,-0.7833494518006403,1.0979606600818395,1.097960660081839,1.093348697695244,0.687458347649589,0.5000000000000001,0.7833494518006403,-0.5508716175515879,frequent_walking,high_speed_high_distance,3
1760202247611 (1).mp4,1,4.008333333333333,15.532291666666666,0.007394386574074,0.0065859306509364,0.0436987317084405,0.3083418472498371,1.0487695610025725,0.5,0.5,0.0098824508101851,0.010898181258545,0.2115275125208157,0.4633401463425632,0.3187341255589859,0.8335645877714561,0.4347826086956521,6.0,0.375,0.875,2025-10-11 17:04:07.611,17,1,-0.7833494518006403,0.4032184142114277,0.4032184142114274,0.5607569090809715,0.6730929908207952,0.5000000000000001,0.7833494518006403,0.09506020386802659,normal,,0
1760202247611 (1).mp4,2,8.016666666666666,19.540625,0.0046377676504629,0.0068437715681736,0.0265172447273508,0.3083418472498371,0.6364138734564211,0.75,0.25,0.0061295572916666,0.0113056948896512,0.1518664628612808,0.4633401463425632,0.7218380776966845,0.2519616006910894,0.0869565217391304,6.0,0.7083333333333334,0.4583333333333333,2025-10-11 17:04:07.611,17,1,0.26111648393354675,-0.24803208132417845,-0.24803208132417653,-0.579962096377694,0.0776151123580519,0.5000000000000001,-0.26111648393354675,1.3644843438472813,normal,,0
1760202247611 (1).mp4,3,12.025,23.54895833333333,0.0004163049768518,0.0006104963715148,0.0,0.0,0.0,1.0,0.0,0.0,0.0,0.0,0.0,0.0,0.0,0.0,6.0,1.0,0.0,2025-10-11 17:04:07.611,17,1,1.3055824196677337,-1.2531469929690886,-1.2531469929690897,-1.074143510398522,-1.4381664508284362,-1.5,-1.3055824196677337,-0.9086729301637201,long_static,high_stationary_low_distance,1
1760202332222 (1).mp4,0,0.0,11.932274789371354,0.0528186487268518,0.20209967986396,0.0685682339728812,0.2998287955072808,1.6456376153491503,0.5,0.5,0.0154356553819444,0.0234236794026108,0.2313850960607819,0.4495744587348079,0.1334273750324697,0.9171200387486418,0.4782608695652174,6.0,0.4166666666666667,1.0416666666666667,2025-10-11 17:05:32.222,17,1,-0.5953923742521425,2.1131343649154104,2.1131343649154104,-0.010333246093080891,0.8229640545661566,0.7808073754701046,0.5953923742521422,-0.5872245493777211,frequent_walking,high_speed_high_distance,3
1760202332222 (1).mp4,1,4.150356448476993,16.082631237848346,0.011183449074074,0.0127607357113926,0.0460739229875336,0.2101509520319392,1.1057741517008066,0.5,0.5,0.015186451099537,0.0240057502160302,0.2142689893266857,0.4495744587348079,0.1754269564637634,0.8681053861174022,0.4782608695652174,6.0,0.4583333333333333,1.0,2025-10-11 17:05:32.222,17,1,-0.5953923742521425,0.7898314826159115,0.7898314826159086,-0.1299297928916179,0.5807414184226926,0.7808073754701046,0.5953923742521422,-0.4606957991213334,frequent_walking,high_speed_high_distance,3
1760202332222 (1).mp4,2,8.300712896953986,20.23298768632534,0.0114299406828703,0.0119541366046104,0.0325283575155561,0.2101509520319392,0.7806805803733471,0.5,0.5,0.0232260923032407,0.0310425099159442,0.0957625153967633,0.3459744577331632,0.0927652776683011,0.8024274915316714,0.4347826086956521,6.0,0.4583333333333333,0.7083333333333334,2025-10-11 17:05:32.222,17,1,-0.5953923742521425,-0.007031592813265178,-0.007031592813266535,-0.29018492011954056,-1.0963310000491266,0.2259435771731828,0.5953923742521422,-0.7097239692995193,normal,,0
1760202332222 (1).mp4,3,12.451069345430978,24.38334413480233,0.0122129991319444,0.0118405625177505,0.0351413551457355,0.2983981938596534,0.843392523497654,0.5,0.5,0.02732421875,0.0308043854890463,0.0667456518642748,0.3795311674336603,0.0192775103364906,0.6601800243354328,0.3043478260869565,6.0,0.4166666666666667,0.6666666666666666,2025-10-11 17:05:32.222,17,1,-0.5953923742521425,0.14668670945927403,0.14668670945927587,-0.6372710454767868,-1.5069700131521055,0.40566754650470216,0.5953923742521422,-0.9311146366050284,normal,,0
1760202332222 (1).mp4,4,16.60142579390797,28.533700583279327,0.0173600260416666,0.0094596229811697,0.0407369950212634,0.2983981938596534,0.9776878805103232,0.5,0.5,0.0372781032986111,0.0262800227213993,0.0879705475637706,0.3927446240908794,0.0659850621719709,1.1225776186792906,0.4782608695652174,6.0,0.1666666666666666,0.9166666666666666,2025-10-11 17:05:32.222,17,1,-0.5953923742521425,0.47586889158609663,0.47586889158609724,0.4909865787796342,-1.206600877339199,0.476436549193611,0.5953923742521422,-0.790402563772908,normal,,0
1760202332222 (1).mp4,5,20.75178224238496,32.68405703175632,0.0131774450231481,0.0069368577780206,0.0293070289595769,0.2983981938596534,0.7033686950298472,0.5,0.5,0.0240444155092592,0.0181627797907611,0.2066078160918276,0.4842827499804243,0.6909762418153165,1.4489545302275115,0.6086956521739131,6.0,0.25,0.7916666666666666,2025-10-11 17:05:32.222,17,1,-0.5953923742521425,-0.19653699112209386,-0.1965369911220929,1.287351532533497,0.4723225118495987,0.9666990176201157,0.5953923742521422,1.0924579359418898,normal,,0
1760202332222 (1).mp4,6,24.90213869086196,36.83441348023331,0.0190899884259259,0.0086500989198968,0.0419395902260185,0.1245811395684827,1.0065501654244453,0.5,0.5,0.0327200882523148,0.0215343378142381,0.231605437232664,0.5525995194576634,0.3777167362856848,1.547177513016636,0.6086956521739131,6.0,0.125,1.3333333333333333,2025-10-11 17:05:32.222,17,1,-0.5953923742521425,0.546615566233237,0.5466155662332368,1.5270172024345088,0.8260822648188365,1.3325918924562299,0.5953923742521422,0.1487262988673973,normal,,0
1760202332222 (1).mp4,7,29.052495139338948,40.98476992871031,0.0241753472222222,0.0117836734159432,0.0432607663089889,0.1245811395684827,1.0382583914157342,0.5,0.5,0.0483125361689814,0.0394586804836858,0.2115713316552485,0.5893265986538981,0.4642394286854568,1.4820991627698192,0.6086956521739131,6.0,0.125,1.8333333333333333,2025-10-11 17:05:32.222,17,1,-0.5953923742521425,0.6243381566143658,0.6243381566143635,1.3682249731103249,0.5425648773003775,1.5292958158746395,0.5953923742521422,0.40938623320674267,frequent_walking,high_speed_high_distance,3
1760202332222 (1).mp4,8,33.20285158781594,45.1351263771873,0.0283501519097222,0.0082547017548589,0.034805946297377,0.1245811395684827,0.835342711137049,0.5,0.5,0.0573905888310185,0.0343562677501473,0.2115713316552485,0.5059405433158213,0.6051697657419749,1.021862078921362,0.4782608695652174,6.0,0.0416666666666666,2.0416666666666665,2025-10-11 17:05:32.222,17,1,-0.5953923742521425,0.1269551650669755,0.12695516506697477,0.24523902947797951,0.5425648773003775,1.0826944361203272,0.5953923742521422,0.8339556887415154,normal,,0
1760202332222 (1).mp4,9,37.35320803629293,49.28548282566429,0.0236650028935185,0.0106608204443792,0.0394430328563416,0.2248538979837366,0.9466327885522005,0.5,0.5,0.0469258174189814,0.0387958764735419,0.1600913147165394,0.1980590552201398,0.1676177284389077,1.085123218752407,0.5652173913043478,6.0,0.0416666666666666,1.8333333333333333,2025-10-11 17:05:32.222,17,1,-0.5953923742521425,0.39974725071686157,0.39974725071686346,0.39959723593623103,-0.18596676867049863,-0.5662658945592671,0.5953923742521422,-0.48422203030695965,normal,,0
1760202332222 (1).mp4,10,41.503564484769925,53.43583927414128,0.0156848596643518,0.0073295420195046,0.0457150384384076,0.2248538979837366,1.0971609225217842,0.5,0.5,0.025274341724537,0.0208320497658999,0.1749664104742335,0.1980590552201398,0.0843764252725249,1.145731296536925,0.6521739130434783,6.0,0.125,1.5416666666666667,2025-10-11 17:05:32.222,17,1,-0.5953923742521425,0.7687189018135683,0.7687189018135692,0.5474819280028976,0.02454167015207471,-0.5662658945592671,0.5953923742521422,-0.7349963880606264,frequent_walking,high_speed_high_distance,3
1760202332222 (1).mp4,11,45.65392093324692,57.58619572261828,0.0099916811342592,0.0036308957015167,0.0413416054527865,0.2248538979837366,0.9921985308668776,0.5,0.5,0.0101989293981481,0.0118822472874475,0.1823881657002982,0.1687097793749936,0.0358582494724604,1.1927027010986746,0.5217391304347826,6.0,0.375,1.2083333333333333,2025-10-11 17:05:32.222,17,1,-0.5953923742521425,0.5114371171353932,0.5114371171353937,0.6620929163970475,0.12957239609910176,-0.7234555713474304,0.5953923742521422,-0.8811631816212825,normal,,0
1760202332222 (1).mp4,12,49.80427738172392,61.73655217109527,0.0079595269097222,0.0037308730253478,0.0097156986652223,0.0914603387075765,0.2331767679653367,0.75,0.25,0.0068569155092592,0.0124993993096437,0.1584772837209793,0.0692960284929262,0.6796784538207673,0.8503446462493941,0.3478260869565217,6.0,0.6666666666666666,0.7083333333333334,2025-10-11 17:05:32.222,17,1,0.9228581800908194,-1.3490623502445938,-1.3490623502445926,-0.17326628601708496,-0.20880811037486083,-1.2558985335486776,-0.9228581800908198,1.0584220016088202,long_static,high_stationary_low_distance,1
1760202332222 (1).mp4,13,53.954633830200905,65.88690861957227,0.0066836660879629,0.0031437562785448,0.0235475533339236,0.2792260244988911,0.5651412800141687,0.75,0.25,0.0027426938657407,0.0047117480662132,0.2371786709814554,0.155509094237065,0.0776262819656607,0.6801706620786921,0.2608695652173913,6.0,0.7083333333333334,0.4583333333333333,2025-10-11 17:05:32.222,17,1,0.9228581800908194,-0.5353573577883702,-0.5353573577883673,-0.5884935653958501,0.904953201501346,-0.794156171974225,-0.9228581800908198,-0.7553320001682431,activity_drop,low_active_ratio_low_distance,2
1760202332222 (1).mp4,14,58.104990278677896,70.03726506804925,0.0045124421296296,0.0034577790799588,0.0114444584368739,0.2575085082428422,0.2746670024849745,0.8333333333333334,0.1666666666666666,0.0018782552083333,0.0037451881965503,0.2371786709814554,0.1126069496440648,0.9558954628647186,0.4192288695831062,0.1739130434782608,6.0,0.7916666666666666,0.3333333333333333,2025-10-11 17:05:32.222,17,1,1.4289416982051404,-1.2473622897217294,-1.2473622897217296,-1.2251957681571966,0.904953201501346,-1.0239326842696053,-1.4289416982051408,1.8905586982818936,long_static,high_stationary_low_distance,1
1760202332222 (1).mp4,15,62.255346727154894,74.18762151652625,0.0031608072916666,0.0038528070618033,0.0114444584368739,0.2575085082428422,0.2746670024849745,0.8333333333333334,0.1666666666666666,0.0018782552083333,0.0037451881965503,0.2371786709814554,0.1126069496440648,0.9558954628647186,0.4192288695831062,0.1739130434782608,6.0,0.7916666666666666,0.3333333333333333,2025-10-11 17:05:32.222,17,1,1.4289416982051404,-1.2473622897217294,-1.2473622897217296,-1.2251957681571966,0.904953201501346,-1.0239326842696053,-1.4289416982051408,1.8905586982818936,long_static,high_stationary_low_distance,1
1760202332222 (1).mp4,16,66.40570317563188,78.33797796500323,0.000890480324074,0.0006615418184399,0.0,0.0,0.0,1.0,0.0,0.0002076099537037,0.0010170769041938,0.0,0.0,0.0,0.0,0.0,6.0,0.9583333333333334,0.0416666666666666,2025-10-11 17:05:32.222,17,1,2.4411087344337816,-1.9206207347453135,-1.9206207347453157,-2.248121004363766,-2.4515369054274623,-1.6270361513549394,-2.4411087344337816,-0.9891904365965336,long_static,high_stationary_low_distance,1
1760202340882 (1).mp4,0,0.0,11.52619589977221,0.0626692708333333,0.2012569603858875,0.0478751232398878,0.184789108841362,1.149002957757308,0.5416666666666666,0.4583333333333333,0.0409698712384259,0.0533670199086961,0.3737862276648927,0.389453957905876,0.3055911683355213,0.5252938882085453,0.3043478260869565,6.0,0.5,0.7083333333333334,2025-10-11 17:05:40.882,17,1,-0.9529107027026196,0.7019338133262741,0.7019338133262735,-0.07310950979345532,0.9572100780981534,0.7524647493248291,0.9529107027026196,-0.13573207430955153,frequent_walking,high_speed_high_distance,3
1760202340882 (1).mp4,1,4.009111617312073,15.535307517084284,0.0143037471064814,0.0237076188517178,0.0284680828715803,0.1549843384654431,0.6832339889179286,0.7083333333333334,0.2916666666666667,0.0271967230902777,0.0465517459234872,0.3737862276648927,0.3099656893231481,0.6929694523460479,0.3259709196115603,0.1739130434782608,6.0,0.6666666666666666,0.4583333333333333,2025-10-11 17:05:40.882,17,1,-0.10002930028370008,0.008312292653921024,0.008312292653921725,-0.5279984103112936,0.9572100780981534,0.3484743329317187,0.10002930028370063,1.0388016582400714,normal,,0
1760202340882 (1).mp4,2,8.018223234624147,19.54441913439636,0.000308521412037,0.000578385840454,0.0,0.0,0.0,1.0,0.0,0.0,0.0,0.0,0.0,0.0,0.0,0.0,6.0,1.0,0.0,2025-10-11 17:05:40.882,17,1,1.3925131539494082,-1.0091573759441952,-1.0091573759441963,-1.271919466006097,-1.0360576414113534,-1.226892323431029,-1.3925131539494078,-1.0622866861565246,long_static,high_stationary_low_distance,1
1760202359505 (1).mp4,0,0.0,11.527315914489312,0.0492532913773148,0.2029688112661607,0.0224392392463399,0.1639322897247573,0.538541741912159,0.625,0.375,0.0132523148148148,0.027339053999297,0.1325917848893953,0.2694626970262478,0.2827112190330087,0.4747685486992969,0.3043478260869565,6.0,0.5833333333333334,0.7083333333333334,2025-10-11 17:05:59.505,17,1,-0.5264700014931598,-0.20716289593093992,-0.20716289593093923,-0.1884169241844335,-0.3289932684320405,0.1426223120619725,0.52647000149316,-0.20510424452159157,normal,,0
1760202359505 (1).mp4,1,4.009501187648456,15.536817102137768,0.0017744502314814,0.003528290025114,0.0086103896781176,0.066838450526673,0.2066493522748227,0.8333333333333334,0.1666666666666666,0.003155201099537,0.0064590214811894,0.0800152785585462,0.1684744929404594,0.9025449063158488,0.2437272497202726,0.1304347826086956,6.0,0.7916666666666666,0.2083333333333333,2025-10-11 17:05:59.505,17,1,0.5396317515304893,-0.7014158827142145,-0.7014158827142153,-0.7156924469531187,-0.6093648956280625,-0.37063917100768357,-0.5396317515304891,1.674235936211221,activity_drop,low_active_ratio_low_distance,2
1760202359505 (1).mp4,2,8.019002375296912,19.546318289786225,2.6765046296296297e-05,7.754272860541066e-05,0.0,0.0,0.0,1.0,0.0,0.0,0.0,0.0,0.0,0.0,0.0,0.0,3.0,1.0,0.0,2025-10-11 17:05:59.505,17,1,1.3925131539494082,-1.0091573759441952,-1.0091573759441963,-1.271919466006097,-1.0360576414113534,-1.226892323431029,-1.3925131539494078,-1.0622866861565246,long_static,high_stationary_low_distance,1
1760202385550 (1).mp4,0,0.0,11.525109170305678,0.0510758463541666,0.2024525977864948,0.0395845361854491,0.2488388345092625,0.95002886845078,0.5833333333333334,0.4166666666666667,0.0113306568287037,0.0156564769768752,0.1539676564943254,0.3262151076388979,0.1600968470895208,0.8819008753282576,0.5217391304347826,6.0,0.5416666666666666,0.8333333333333334,2025-10-11 17:06:25.550,17,1,-0.7396903520978894,0.40562229488592755,0.4056222948859285,0.7407282602823739,-0.21500342158116653,0.4310602212467149,0.7396903520978899,-0.5768718987432702,normal,,0
1760202385550 (1).mp4,1,4.008733624454148,15.533842794759826,0.0043267144097222,0.0068950642010311,0.0223548937724196,0.2488388345092625,0.5365174505380719,0.75,0.25,0.0051021773726851,0.0094935212583785,0.1273787058986312,0.3262151076388979,0.3978257963129107,0.5100201334625594,0.3043478260869565,6.0,0.7083333333333334,0.4583333333333333,2025-10-11 17:06:25.550,17,1,0.11319105032102951,-0.21017746357093756,-0.21017746357093678,-0.10796681475979195,-0.35679274658953714,0.4310602212467149,-0.11319105032102922,0.1439239785466928,normal,,0
1760202385550 (1).mp4,2,8.017467248908297,19.542576419213976,0.0004269748263888,0.0015288120031036,0.0,0.0,0.0,1.0,0.0,0.0003059895833333,0.0014990366915469,0.0,0.0,0.0,0.0,0.0,6.0,0.9583333333333334,0.0416666666666666,2025-10-11 17:06:25.550,17,1,1.3925131539494082,-1.0091573759441952,-1.0091573759441963,-1.271919466006097,-1.0360576414113534,-1.226892323431029,-1.3925131539494078,-1.0622866861565246,long_static,high_stationary_low_distance,1
1760202416106 (1).mp4,0,0.0,10.925,0.0500797526041666,0.2027068491164451,0.0271895583064324,0.1746419508795496,0.6525493993543795,0.7083333333333334,0.2916666666666667,0.0119712094907407,0.0188288667514794,0.1598830104130673,0.3853867651698873,0.5915156082681536,0.5382262672067951,0.3043478260869565,6.0,0.6666666666666666,0.5,2025-10-11 17:06:56.106,17,1,0.2645751311064588,0.0331737338781185,0.033173733878120074,-0.6417647137949866,0.6108681150321437,1.2402213781161575,-0.2645751311064592,0.9876193508394382,normal,,0
1760202416106 (1).mp4,1,3.8,14.725,0.007452076099537,0.0096193768854885,0.0428498637173293,0.3500557662376571,1.028396729215905,0.6666666666666666,0.3333333333333333,0.0117540147569444,0.0176487589830024,0.1569785329251778,0.3322562355389571,0.2984598819660399,0.8095880488858033,0.391304347826087,6.0,0.5833333333333334,0.5416666666666666,2025-10-11 17:06:56.106,17,1,-7.049697655142648e-16,1.7026159642748404,1.70261596427484,0.04640493111490803,0.5325816613594442,0.6742734775924729,-3.524848827571324e-16,-0.0366412171248169,normal,,0
1760202416106 (1).mp4,2,7.6,18.525,0.0025159143518518,0.0052443128835381,0.02908192834091,0.3500557662376571,0.6979662801818409,0.875,0.125,0.0029172092013888,0.0062745410014299,0.1102035998582364,0.3322562355389571,0.0132575084061771,0.47484576632211,0.1739130434782608,6.0,0.7916666666666666,0.2916666666666667,2025-10-11 17:06:56.106,17,1,1.322875655532295,0.23490686539775946,0.23490686539775626,-0.8024967686855263,-0.7281764770173021,0.6742734775924729,-1.3228756555322956,-1.0334534917501146,normal,,0
1760202416106 (1).mp4,3,11.4,22.325000000000003,0.0027477575231481,0.0051883697252045,0.02908192834091,0.3500557662376571,0.6979662801818409,0.875,0.125,0.0029172092013888,0.0062745410014299,0.1102035998582364,0.3322562355389571,0.0132575084061771,0.47484576632211,0.1739130434782608,6.0,0.7916666666666666,0.2916666666666667,2025-10-11 17:06:56.106,17,1,1.322875655532295,0.23490686539775946,0.23490686539775626,-0.8024967686855263,-0.7281764770173021,0.6742734775924729,-1.3228756555322956,-1.0334534917501146,normal,,0
1760202416106 (1).mp4,4,15.2,26.125000000000004,0.0076074218749999,0.0105192088929088,0.010110575865914,0.1234881245556228,0.2426538207819368,0.7083333333333334,0.2916666666666667,0.0115192780671296,0.0172694356634377,0.1507854821716592,0.1064404771944466,0.7470332516760981,0.3833531495128258,0.217391304347826,6.0,0.6666666666666666,0.5833333333333334,2025-10-11 17:06:56.106,17,1,0.2645751311064588,-1.787504330201381,-1.7875043302013827,-1.0345207524313287,0.3656559465175959,-1.731122350907609,-0.2645751311064592,1.531169861779701,normal,,0
1760202416106 (1).mp4,5,19.0,29.925,0.0131378399884259,0.0107240996355379,0.0230196942226012,0.1261643626442821,0.5524726613424307,0.5,0.5,0.021006763599537,0.0190066988245777,0.1709329905021445,0.242660135470392,0.5372570981094255,1.0782851712715478,0.5652173913043478,6.0,0.3333333333333333,1.0416666666666667,2025-10-11 17:06:56.106,17,1,-1.0583005244258368,-0.4113480691078199,-0.4113480691078183,0.7278170376997476,0.9087061110003559,-0.28010670798345316,1.058300524425836,0.797980154454036,normal,,0
1760202416106 (1).mp4,6,22.8,33.725,0.0158644386574074,0.0077887141543842,0.0320915813226958,0.1261643626442821,0.7701979517447013,0.5,0.5,0.025494972511574,0.0148027353433082,0.1709329905021445,0.242660135470392,0.2188010958659653,1.4933769853563017,0.6956521739130435,6.0,0.0,1.5416666666666667,2025-10-11 17:06:56.106,17,1,-1.0583005244258368,0.5557461884378118,0.5557461884378134,1.7804840143693164,0.9087061110003559,-0.28010670798345316,1.058300524425836,-0.31505704787399075,normal,,0
1760202416106 (1).mp4,7,26.6,37.525000000000006,0.0088650173611111,0.008450116512262,0.0216018303442606,0.1261643626442821,0.5184439282622564,0.5,0.5,0.0139756944444444,0.0160270555354072,0.0678350958026544,0.1777335954444098,0.0519657499973216,1.0777946254450044,0.4782608695652174,6.0,0.3333333333333333,0.9583333333333334,2025-10-11 17:06:56.106,17,1,-1.0583005244258368,-0.5624972180770871,-0.5624972180770849,0.726573020413394,-1.8701649908752884,-0.9717060440190629,1.058300524425836,-0.8981641185741389,normal,,0
1760202422154 (1).mp4,0,0.0,11.424056603773586,0.0454683883101851,0.2033853646690089,0.0199229998909472,0.1563192037758053,0.4781519973827332,0.8333333333333334,0.1666666666666666,0.0044180410879629,0.0109244043743225,0.059213945811257,0.3200343204183764,0.3729252133344572,0.413234535395057,0.2608695652173913,6.0,0.7916666666666666,0.2083333333333333,2025-10-11 17:07:02.154,17,1,-1.5441788914646148,1.6001309498565914,1.6001309498565894,1.5787449716197421,1.2909944487358054,1.2909944487358058,1.5441788914646137,0.37900060000725777,frequent_walking,high_speed_high_distance,3
1760202422154 (1).mp4,1,3.9735849056603776,15.397641509433962,0.0026593243634259,0.0045756097300938,0.0138638829846055,0.1563192037758053,0.3327331916305333,0.875,0.125,0.0028161168981481,0.0081956961034609,0.059213945811257,0.3200343204183764,0.9682860172289652,0.2961249863386616,0.1739130434782608,6.0,0.8333333333333334,0.1666666666666666,2025-10-11 17:07:02.154,17,1,-0.9991745768300455,0.9217458122813498,0.9217458122813529,0.9520292757224994,1.2909944487358054,1.2909944487358058,0.9991745768300448,1.8894235831393318,frequent_walking,high_speed_high_distance,3
1760202422154 (1).mp4,2,7.947169811320755,19.37122641509434,0.0008396629050925,0.0012002479328263,0.0,0.0,0.0,1.0,0.0,0.0,0.0,0.0,0.0,0.0,0.0,0.0,6.0,1.0,0.0,2025-10-11 17:07:02.154,17,1,0.635838367073664,-0.6304691905344854,-0.6304691905344855,-0.6326935618355604,-0.6454972243679027,-0.6454972243679028,-0.6358383670736647,-0.5671060457866475,activity_drop,low_active_ratio_low_distance,2
1760202422154 (1).mp4,3,11.920754716981133,23.34481132075472,0.0006195746527777,0.0010203448308983,0.0,0.0,0.0,1.0,0.0,0.0,0.0,0.0,0.0,0.0,0.0,0.0,6.0,1.0,0.0,2025-10-11 17:07:02.154,17,1,0.635838367073664,-0.6304691905344854,-0.6304691905344855,-0.6326935618355604,-0.6454972243679027,-0.6454972243679028,-0.6358383670736647,-0.5671060457866475,activity_drop,low_active_ratio_low_distance,2
1760202422154 (1).mp4,4,15.89433962264151,27.318396226415096,0.0006127025462962,0.001023578986338,0.0,0.0,0.0,1.0,0.0,0.0,0.0,0.0,0.0,0.0,0.0,0.0,6.0,1.0,0.0,2025-10-11 17:07:02.154,17,1,0.635838367073664,-0.6304691905344854,-0.6304691905344855,-0.6326935618355604,-0.6454972243679027,-0.6454972243679028,-0.6358383670736647,-0.5671060457866475,activity_drop,low_active_ratio_low_distance,2
1760202422154 (1).mp4,5,19.867924528301888,31.291981132075477,0.0001982060185185,0.0002915220297621,0.0,0.0,0.0,1.0,0.0,0.0,0.0,0.0,0.0,0.0,0.0,0.0,6.0,1.0,0.0,2025-10-11 17:07:02.154,17,1,0.635838367073664,-0.6304691905344854,-0.6304691905344855,-0.6326935618355604,-0.6454972243679027,-0.6454972243679028,-0.6358383670736647,-0.5671060457866475,activity_drop,low_active_ratio_low_distance,2
1760202456886 (1).mp4,0,0.0,10.851818181818182,0.0450828269675925,0.2034415114527602,0.0082020766608051,0.0571609221689716,0.1968498398593234,0.7083333333333334,0.2916666666666667,0.003390480324074,0.0070870426505391,0.0794785565997294,0.1411597016452859,0.8229451047715717,0.6967242917321448,0.3043478260869565,6.0,0.6666666666666666,0.4583333333333333,2025-10-11 17:07:36.886,17,1,-0.9933992677987828,1.1281245680929466,1.1281245680929468,1.060004060458737,0.9659450581722009,1.1978979118898156,0.9933992677987827,0.9020423168983068,frequent_walking,high_speed_high_distance,3
1760202456886 (1).mp4,1,3.774545454545454,14.626363636363635,0.0032593677662037,0.0041785523519805,0.0058203715704313,0.0476247009450843,0.1396889176903518,0.75,0.25,0.0030893735532407,0.00707047091068,0.0705275671218276,0.0890977717951707,0.7890535885474363,0.546460267279646,0.217391304347826,6.0,0.7083333333333334,0.375,2025-10-11 17:07:36.886,17,1,-0.7284927963857744,0.5560218794686788,0.5560218794686781,0.6472835184519818,0.7599713400713082,0.4518649145254828,0.7284927963857739,0.829243377966997,normal,,0
1760202456886 (1).mp4,2,7.549090909090908,18.40090909090909,0.0010159866898148,0.0017154028573463,0.0,0.0,0.0,1.0,0.0,0.0002083333333333,0.0010206207261596,0.0,0.0,0.0,0.0,0.0,6.0,0.9583333333333334,0.0416666666666666,2025-10-11 17:07:36.886,17,1,0.8609460320922783,-0.8420732237808127,-0.8420732237808126,-0.8536437894553596,-0.8629581991217545,-0.8248814132076493,-0.8609460320922785,-0.865642847432652,long_static,high_stationary_low_distance,1
1760202456886 (1).mp4,3,11.323636363636362,22.175454545454546,0.0001871744791666,0.0005589175201276,0.0,0.0,0.0,1.0,0.0,0.0,0.0,0.0,0.0,0.0,0.0,0.0,3.0,1.0,0.0,2025-10-11 17:07:36.886,17,1,0.8609460320922783,-0.8420732237808127,-0.8420732237808126,-0.8536437894553596,-0.8629581991217545,-0.8248814132076493,-0.8609460320922785,-0.865642847432652,long_static,high_stationary_low_distance,1
1760202493086 (1).mp4,0,0.0,12.133616504854368,0.0452271412037037,0.2034553026336873,0.0120723372310827,0.0930046555133276,0.2897360935459849,0.7916666666666666,0.2083333333333333,0.0051743344907407,0.0109855099844037,0.0954011697560089,0.2499227687400369,0.9232960586778068,0.5813966916077663,0.3043478260869565,6.0,0.75,0.25,2025-10-11 17:08:13.086,17,1,-0.3090669637145022,0.33577123209005477,0.3357712320900477,0.7509915067973512,0.45313442976998125,0.5447313891873116,0.309066963714502,0.7282579498999091,normal,,0
1760202493086 (1).mp4,1,4.220388349514563,16.35400485436893,0.0043180338541666,0.0059157787867286,0.0162377767868449,0.1437018877085519,0.38970664288428,0.7083333333333334,0.2916666666666667,0.0049605758101851,0.0101210881987159,0.095065095137686,0.2671760770330975,0.5295473259340014,0.6855775623689727,0.3478260869565217,6.0,0.6666666666666666,0.5,2025-10-11 17:08:13.086,17,1,-1.0817343730007574,1.0023681547710999,1.0023681547711045,1.139756641768091,0.4452364970670537,0.694579392325891,1.0817343730007583,-0.28076993011436946,frequent_walking,high_speed_high_distance,3
1760202493086 (1).mp4,2,8.440776699029126,20.574393203883496,0.0031309678819444,0.003835061707441,0.0132064279200784,0.1437018877085519,0.3169542700818832,0.7916666666666666,0.2083333333333333,0.002197265625,0.0041696882855584,0.095065095137686,0.2671760770330975,0.87214370207599,0.3386097580253502,0.1739130434782608,6.0,0.75,0.4166666666666667,2025-10-11 17:08:13.086,17,1,-0.3090669637145022,0.5172602089928606,0.5172602089928626,-0.15500106471460448,0.4452364970670537,0.694579392325891,0.309066963714502,0.5971739624544216,normal,,0
1760202493086 (1).mp4,3,12.661165048543689,24.794781553398057,0.0030801504629629,0.0037994331053758,0.0083542859172399,0.1437018877085519,0.200502862013758,0.8333333333333334,0.1666666666666666,0.0019108072916666,0.0040693033560011,0.095065095137686,0.1517405279322468,0.8705679252331305,0.2951498871828207,0.1739130434782608,6.0,0.7916666666666666,0.375,2025-10-11 17:08:13.086,17,1,0.07726674092862633,-0.2592299751053086,-0.25922997510531054,-0.3171775029652849,0.4452364970670537,-0.3079985614295199,-0.07726674092862607,0.5931358471923196,normal,,0
1760202493086 (1).mp4,4,16.88155339805825,29.01516990291262,0.0008884910300925,0.0008559136094244,0.0,0.0,0.0,1.0,0.0,0.0,0.0,0.0,0.0,0.0,0.0,0.0,6.0,1.0,0.0,2025-10-11 17:08:13.086,17,1,1.6226015595011374,-1.5961696207487066,-1.5961696207487044,-1.4185695808855527,-1.788843920971143,-1.6258916124095726,-1.622601559501137,-1.6377978294322801,long_static,high_stationary_low_distance,1
1760202515320 (1).mp4,0,0.0,11.219512195121952,0.0465576171875,0.2032845959056867,0.0204853869137685,0.1666476067919701,0.4916492859304463,0.7916666666666666,0.2083333333333333,0.0085197844328703,0.0194944794216568,0.1412358333999123,0.3115010295882725,0.6430329819939576,0.3797965665303036,0.217391304347826,6.0,0.75,0.375,2025-10-11 17:08:35.320,17,1,0.3264114009257591,-0.276994977503798,-0.27699497750379587,-0.40515913333847975,-0.2828976619418657,0.35627753161841774,-0.3264114009257592,0.8873939223552164,normal,,0
1760202515320 (1).mp4,1,3.902439024390244,15.121951219512196,0.0052627676504629,0.0089233857768423,0.0213805332740836,0.1881311194395318,0.5131327985780081,0.7916666666666666,0.2083333333333333,0.0086221426504629,0.0194814495675746,0.163829625286774,0.1718340011867077,0.2052654342217708,0.3883272269294508,0.2608695652173913,6.0,0.75,0.375,2025-10-11 17:08:35.320,17,1,0.3264114009257591,-0.2450018055474998,-0.24500180554749865,-0.3856907160407963,-0.16241308360215098,-0.353564838411479,-0.3264114009257592,-0.4399204189411839,normal,,0
1760202515320 (1).mp4,2,7.804878048780488,19.02439024390244,0.0008655237268518,0.0015767235376795,0.0,0.0,0.0,1.0,0.0,0.0003092447916666,0.0015149838903932,0.0,0.0,0.0,0.0,0.0,6.0,0.9583333333333334,0.0416666666666666,2025-10-11 17:08:35.320,17,1,1.3925131539494082,-1.0091573759441952,-1.0091573759441963,-1.271919466006097,-1.0360576414113534,-1.226892323431029,-1.3925131539494078,-1.0622866861565246,long_static,high_stationary_low_distance,1
1760202901646 (1).mp4,0,0.0,11.299870129870133,0.0680546513310185,0.1992854721207277,0.0773711162115434,0.4844928270120164,1.8569067890770428,0.5,0.5,0.0436414930555555,0.0366621724757089,0.5436046591806863,0.5185634290254025,0.12194832404066,0.8986936305964738,0.391304347826087,6.0,0.25,1.5416666666666667,2025-10-11 17:15:01.646,17,1,-0.2672612419124233,0.8947881056691132,0.8947881056691137,-0.9922368742738017,1.3242551300468437,0.9149243389708679,0.2672612419124235,-0.7680090511434087,normal,,0
1760202901646 (1).mp4,1,3.9303896103896103,15.230259740259742,0.030455910011574,0.0160587507054762,0.0691102460663406,0.2369760459924037,1.658645905592175,0.5,0.5,0.049219654224537,0.0333619166627067,0.5286995714032887,0.5185634290254025,0.2384441928274163,0.9226021169820112,0.4347826086956521,6.0,0.125,1.5833333333333333,2025-10-11 17:15:01.646,17,1,-0.2672612419124233,0.6053034539337961,0.6053034539337957,-0.8910731985406882,1.2380380860992937,0.9149243389708679,0.2672612419124235,-0.2526712113400242,normal,,0
1760202901646 (1).mp4,2,7.860779220779221,19.16064935064935,0.0290502025462962,0.0126417674988113,0.0801949720744319,0.4115584830526556,1.924679329786366,0.5,0.5,0.0452794053819444,0.0271652170544112,0.3993789312358919,0.4628142444227908,0.0422923303334956,1.130896386846946,0.5652173913043478,6.0,0.0416666666666666,1.5416666666666667,2025-10-11 17:15:01.646,17,1,-0.2672612419124233,0.9937441377396234,0.9937441377396231,-0.009720291715582639,0.48999530479173986,0.6183697136491693,0.2672612419124235,-1.1203798961523672,normal,,0
1760202901646 (1).mp4,3,11.791168831168832,23.09103896103896,0.0304041883680555,0.0122665521644603,0.0804706646196889,0.4115584830526556,1.931295950872535,0.5,0.5,0.0493404586226851,0.0253698938950657,0.5230542203863255,0.4628142444227908,0.2099315716338799,1.1692422018813593,0.5652173913043478,6.0,0.0,1.4166666666666667,2025-10-11 17:15:01.646,17,1,-0.2672612419124233,1.003405197536828,1.003405197536829,0.15253186993568454,1.2053830971453245,0.6183697136491693,0.2672612419124235,-0.37880128587430395,normal,,0
1760202901646 (1).mp4,4,15.721558441558445,27.02142857142857,0.0419167751736111,0.0163952953942079,0.0685716280278016,0.4115584830526556,1.6457190726672402,0.5,0.5,0.0750868055555555,0.0365514761848784,0.4701487625217585,0.5655432182507835,0.0764944951167522,0.8647987581035739,0.391304347826087,6.0,0.0,1.2083333333333333,2025-10-11 17:15:01.646,17,1,-0.2672612419124233,0.586428728564173,0.5864287285641743,-1.135655819103415,0.8993565742628794,1.1648306629957852,0.2672612419124235,-0.969081228658275,normal,,0
1760202901646 (1).mp4,5,19.65194805194805,30.951818181818183,0.0464858217592592,0.0123824792088698,0.0362650511514529,0.1267006606639727,0.8703612276348701,0.5,0.5,0.0822846137152777,0.0292906300323315,0.3680053938525075,0.4858369472948124,0.5405310799559904,1.0215245286373922,0.4782608695652174,6.0,0.0,1.125,2025-10-11 17:15:01.646,17,1,-0.2672612419124233,-0.54568665291789,-0.5456866529178906,-0.47250405057923023,0.30851810104959426,0.7408376756969104,0.2672612419124235,1.083657754374047,normal,,0
1760202901646 (1).mp4,6,23.582337662337665,34.882207792207794,0.0410179759837962,0.0172113037681816,0.0326035883423393,0.1267006606639727,0.7824861202161454,0.5,0.5,0.0714362702546296,0.0383901469757735,0.4383286056982471,0.2062579206475138,0.5591410023935904,0.9114550674011416,0.4347826086956521,6.0,0.0,1.2916666666666667,2025-10-11 17:15:01.646,17,1,-0.2672612419124233,-0.6739948417051917,-0.67399484170519,-0.9382395682972522,0.715295943406963,-0.7463670984391159,0.2672612419124235,1.1659816799156164,normal,,0
1760202901646 (1).mp4,7,27.512727272727275,38.812597402597405,0.0258042173032407,0.0131434720266447,0.0231847836196398,0.0999880009650936,0.5564348068713554,0.5,0.5,0.0415138527199074,0.0236023641704276,0.2024315496570633,0.140681762592477,0.2008712060202854,1.179116065822731,0.6086956521739131,6.0,0.0,1.3333333333333333,2025-10-11 17:15:01.646,17,1,-0.2672612419124233,-1.0040568517583335,-1.0040568517583346,0.1943110254158931,-0.6492278454862415,-1.095195751641281,0.2672612419124235,-0.41888124142779615,normal,,0
1760202901646 (1).mp4,8,31.44311688311689,42.742987012987015,0.0166890914351851,0.00636509968832,0.0370887669816934,0.1256540923686339,0.8901304075606438,0.5,0.5,0.0249282045717592,0.0177821445620935,0.2188903531828542,0.3543015026372877,0.3436053015656019,1.115305044216586,0.5217391304347826,6.0,0.0,1.4583333333333333,2025-10-11 17:15:01.646,17,1,-0.2672612419124233,-0.5168212808620766,-0.516821280862075,-0.07569174238239369,-0.5540234825130123,0.04114233871600259,0.2672612419124235,0.21252553059479623,normal,,0
1760202901646 (1).mp4,9,35.3735064935065,46.67337662337663,0.0162953920717592,0.0057227354114027,0.0789977478237332,0.2832081832515711,1.8959459477695968,0.5,0.5,0.0205815972222222,0.0128518215323663,0.1906277253744476,0.4768407290715932,0.1518601792700517,1.5553895236088142,0.6521739130434783,6.0,0.0,1.625,2025-10-11 17:15:01.646,17,1,-0.2672612419124233,0.9517899562586508,0.9517899562586496,1.7864321432744799,-0.7175059295956608,0.6929828031366034,0.2672612419124235,-0.6356892442784747,normal,,0
1760202901646 (1).mp4,10,39.30389610389611,50.60376623376624,0.0216552734375,0.0077253687378441,0.0754104701113235,0.2832081832515711,1.809851282671764,0.5,0.5,0.0282996961805555,0.0165795932254809,0.1906277253744476,0.3859235751675965,0.1552889518539906,1.4326012144658151,0.6956521739130435,6.0,0.0,1.875,2025-10-11 17:15:01.646,17,1,-0.2672612419124233,0.8260814266483849,0.8260814266483839,1.266879525444448,-0.7175059295956608,0.2093541598927015,0.2672612419124235,-0.6205215282471143,normal,,0
1760202901646 (1).mp4,11,43.23428571428572,54.53415584415585,0.0242746310763888,0.005886056695154,0.0599464137128803,0.2832081832515711,1.4387139291091278,0.5,0.5,0.0320822482638888,0.0136080329646543,0.2252479209559565,0.231959027908045,0.1460782443773408,1.4654008656161903,0.782608695652174,6.0,0.0,2.083333333333333,2025-10-11 17:15:01.646,17,1,-0.2672612419124233,0.2841764091099773,0.2841764091099768,1.4056642740742478,-0.5172487443645873,-0.6096515161695493,0.2672612419124235,-0.661266544731486,normal,,0
1760202901646 (1).mp4,12,47.16467532467533,58.46454545454546,0.0206976996527777,0.0087562632341129,0.0038278012818346,0.0207210167132285,0.0918672307640304,0.5,0.5,0.0273045066550925,0.0155610437224378,0.0598191264697154,0.0209201814067378,0.5781683629703104,1.332017289603637,0.7391304347826086,6.0,0.0416666666666666,1.9583333333333333,2025-10-11 17:15:01.646,17,1,-0.2672612419124233,-1.6823811919563547,-1.6823811919563563,0.8412800376878126,-1.4741556648349807,-1.7322606897140653,0.2672612419124235,1.2501522088698729,normal,,0
1760202901646 (1).mp4,13,51.09506493506494,62.39493506493507,0.0108438223379629,0.0095732870657259,0.0026750590296261,0.0207210167132285,0.0642014167110278,0.5833333333333334,0.4166666666666667,0.0120227502893518,0.011731196735827,0.0465041885067946,0.0209201814067378,0.7732177812920289,0.8656681124793617,0.4782608695652174,6.0,0.375,1.2916666666666667,2025-10-11 17:15:01.646,17,1,3.474396144861518,-1.7227765962607,-1.7227765962606996,-1.1319773309402092,-1.5511746404124913,-1.7322606897140653,-3.4743961448615184,2.1129840580989177,long_static,high_stationary_low_distance,1
1760202998902 (1).mp4,0,0.0,11.324825581395348,0.0472003399884259,0.2032329525801416,0.0276183541043196,0.1738751525866143,0.6628404985036727,0.7083333333333334,0.2916666666666667,0.0094135199652777,0.0260366541482452,0.1548192042149523,0.2265616597297473,0.285027033452769,0.7650408727049317,0.391304347826087,6.0,0.6666666666666666,0.3333333333333333,2025-10-11 17:16:38.902,17,1,0.1948961162363966,-0.3780167862603066,-0.3780167862603051,0.5627550501958823,-0.4043875712120981,-0.7183462589207404,-0.19489611623639658,-0.2595462882054991,normal,,0
1760202998902 (1).mp4,1,3.93906976744186,15.263895348837208,0.0035183376736111,0.0035023109938995,0.0314165644391005,0.2712345996106358,0.7539975465384121,0.625,0.375,0.003766456886574,0.0054986835374088,0.1846777346852858,0.3451171227083397,0.2259192355861242,0.8768139093814658,0.4782608695652174,6.0,0.5833333333333334,0.4166666666666667,2025-10-11 17:16:38.902,17,1,-0.3619499301533081,-0.2232266664093631,-0.22322666640936537,0.9915994212071667,-0.04570642207197478,0.08340826713736568,0.3619499301533077,-0.41690836769704953,normal,,0
1760202998902 (1).mp4,2,7.87813953488372,19.202965116279067,0.0023482711226851,0.0021831101921341,0.0132418347335929,0.2712345996106358,0.3178040336062313,0.8333333333333334,0.1666666666666666,0.0021115451388888,0.0043425171608174,0.1846777346852858,0.2268356527817494,0.8453076271860271,0.372566794433909,0.217391304347826,6.0,0.7916666666666666,0.2083333333333333,2025-10-11 17:16:38.902,17,1,1.0301651858209533,-0.9639093409870225,-0.9639093409870216,-0.9430669641191843,-0.04570642207197478,-0.7164933272714346,-1.0301651858209537,1.2320829470358916,long_static,high_stationary_low_distance,1
1760202998902 (1).mp4,3,11.817209302325582,23.142034883720928,0.0032080078125,0.0027551543342419,0.0631044023187375,0.5303763836795319,1.514505655649701,0.7083333333333334,0.2916666666666667,0.0029258897569444,0.0048027797263327,0.2404244985251299,0.4766674899807817,0.0995624989178145,0.6433380202605952,0.3478260869565217,6.0,0.6666666666666666,0.3333333333333333,2025-10-11 17:16:38.902,17,1,0.1948961162363966,1.0681615903942772,1.0681615903942758,0.09581253204805154,0.623961944051571,0.9730433772826605,-0.19489611623639658,-0.7533066020679513,normal,,0
1760202998902 (1).mp4,4,15.75627906976744,27.08110465116279,0.0131047453703703,0.0150553457879283,0.0637779822536656,0.5303763836795319,1.5306715740879755,0.5833333333333334,0.4166666666666667,0.0193737340856481,0.0259886780839161,0.2404244985251299,0.4766674899807817,0.1677616562257853,0.7414869045580891,0.3478260869565217,6.0,0.5,0.75,2025-10-11 17:16:38.902,17,1,-0.6403729533481601,1.095612286818841,1.09561228681884,0.4723845372788509,0.623961944051571,0.9730433772826605,0.64037295334816,-0.5717406902779973,frequent_walking,high_speed_high_distance,3
1760202998902 (1).mp4,5,19.695348837209306,31.02017441860465,0.0169838686342592,0.0136305436379589,0.0767011505612998,0.5303763836795319,1.8408276134711972,0.5,0.5,0.0251710792824074,0.0245402162160313,0.264135383281836,0.4766674899807817,0.0270965236101488,0.975280769038808,0.4347826086956521,6.0,0.2916666666666667,1.0833333333333333,2025-10-11 17:16:38.902,17,1,-1.1972189997378648,1.6222757927534073,1.6222757927534077,1.369391416045888,0.90879335596966,0.9730433772826605,1.1972189997378642,-0.9462320193288892,frequent_walking,high_speed_high_distance,3
1760202998902 (1).mp4,6,23.634418604651163,34.95924418604651,0.0172784649884259,0.0132245026634848,0.0398752969036133,0.371333078387737,0.9570071256867196,0.5,0.5,0.0250553385416666,0.0245751628449443,0.254061099647646,0.3648877682419454,0.1108803528693655,0.6654484280989824,0.2608695652173913,6.0,0.2916666666666667,1.0833333333333333,2025-10-11 17:16:38.902,17,1,-1.1972189997378648,0.12149574139919009,0.12149574139918826,0.1806444756383147,0.7877741506117466,0.21711112773452854,1.1972189997378642,-0.7231751964416429,normal,,0
1760202998902 (1).mp4,7,27.57348837209302,38.89831395348837,0.0069214771412037,0.0068446072834309,0.0360407255375193,0.371333078387737,0.8649774129004644,0.5833333333333334,0.4166666666666667,0.0073661747685185,0.0122544201295246,0.2566620645649594,0.3657602214098675,0.1620694319291913,0.6584323233827266,0.2608695652173913,6.0,0.5416666666666666,0.625,2025-10-11 17:16:38.902,17,1,-0.6403729533481601,-0.03477621539567368,-0.03477621539567433,0.15372548780854497,0.8190187253017845,0.22301126306849958,0.64037295334816,-0.586895040204301,normal,,0
1760202998902 (1).mp4,8,31.51255813953488,42.83738372093024,0.0032785373263888,0.0025424448291682,0.0168401244957583,0.371333078387737,0.4041629878982001,0.7916666666666666,0.2083333333333333,0.0018552879050925,0.0029955622551358,0.0979677484878909,0.3657602214098675,0.9299286177170548,0.3716708179501017,0.217391304347826,6.0,0.7083333333333334,0.375,2025-10-11 17:16:38.902,17,1,0.7517421626261006,-0.8172666712950254,-0.8172666712950261,-0.9465045952605051,-1.0873262540361446,0.22301126306849958,-0.7517421626261014,1.4573685357265804,activity_drop,low_active_ratio_low_distance,2
1760202998902 (1).mp4,9,35.45162790697674,46.77645348837209,0.0018408203125,0.0023212378420058,0.0003241412012897,0.0067028841698926,0.0077793888309535,0.9583333333333334,0.0416666666666666,0.000888671875,0.002408724872901,0.0069758419227254,0.0029102841778925,0.971616112175515,0.1135777245117995,0.0869565217391304,6.0,0.875,0.2083333333333333,2025-10-11 17:16:38.902,17,1,1.8654342554055101,-1.490349731018322,-1.4903497310183227,-1.9367413608430064,-2.180383450594142,-2.2308324666647015,-1.8654342554055103,1.568352721460857,long_static,high_stationary_low_distance,1
1760203029454 (1).mp4,0,0.0,11.52400835073069,0.0688867187499999,0.2003033256224907,0.0633940326371299,0.194460908813948,1.5214567832911186,0.5,0.5,0.0529877387152777,0.0603799542153491,0.5068538053868947,0.537164350041767,0.0838764302510153,0.4123793200634483,0.217391304347826,6.0,0.4583333333333333,0.7083333333333334,2025-10-11 17:17:09.454,17,1,-1.0190493307301363,1.0451511723062454,1.0451511723062448,0.8323890875794407,1.0107400093132644,0.8610869941460829,1.019049330730136,-0.6002516466878174,frequent_walking,high_speed_high_distance,3
1760203029454 (1).mp4,1,4.008350730688935,15.532359081419624,0.0248524305555555,0.0281444557064215,0.0511720138651526,0.191623631499911,1.2281283327636645,0.5833333333333334,0.4166666666666667,0.0477992983217592,0.0600957856287444,0.4250029901086598,0.537164350041767,0.3030414006283212,0.4123793200634483,0.217391304347826,6.0,0.5416666666666666,0.625,2025-10-11 17:17:09.454,17,1,-0.6793662204867573,0.6568338058481353,0.6568338058481363,0.8323890875794407,0.6749059745227036,0.8610869941460829,0.6793662204867574,0.09630564365098365,frequent_walking,high_speed_high_distance,3
1760203029454 (1).mp4,2,8.01670146137787,19.54070981210856,0.0066142216435185,0.016842701326393,0.0074284618901856,0.1019657220825876,0.1782830853644549,0.9166666666666666,0.0833333333333333,0.0110894097222222,0.0368167189734748,0.1101920220993686,0.0757324099957441,0.7040412387001305,0.139197350186075,0.0869565217391304,6.0,0.875,0.25,2025-10-11 17:17:09.454,17,1,0.6793662204867573,-0.7329841300716745,-0.7329841300716744,-0.49437013284859643,-0.6167639645425906,-0.7304792722268657,-0.6793662204867574,1.3707764687683923,activity_drop,low_active_ratio_low_distance,2
1760203029454 (1).mp4,3,12.025052192066807,23.54906054279749,0.0007139756944444,0.0009616757335888,0.0,0.0,0.0,1.0,0.0,0.0,0.0,0.0,0.0,0.0,0.0,0.0,6.0,1.0,0.0,2025-10-11 17:17:09.454,17,1,1.0190493307301363,-0.9690008480827067,-0.9690008480827071,-1.1704080423102847,-1.0688820192933777,-0.9916947160653002,-1.019049330730136,-0.8668304657315583,long_static,high_stationary_low_distance,1
1760203044890 (1).mp4,0,0.0,11.467408906882593,0.0555383752893518,0.2018974794268763,0.0535796578742893,0.2872692866017695,1.2859117889829454,0.5,0.5,0.023034035011574,0.0374762340671921,0.1927712417698717,0.3972092051942873,0.1272786062855038,0.8389844051915167,0.4782608695652174,6.0,0.4583333333333333,0.9583333333333334,2025-10-11 17:17:24.890,17,1,-1.0013879257199865,1.5493399520626356,1.5493399520626365,1.1560867615854584,1.4519247338655452,1.0596389337374488,1.001387925719987,-0.65014480774669,frequent_walking,high_speed_high_distance,3
1760203044890 (1).mp4,1,3.988663967611336,15.456072874493929,0.0076642071759259,0.0099997046210824,0.0428996113061564,0.2872692866017695,1.0295906713477536,0.625,0.375,0.0101551649305555,0.0191987207434804,0.1927712417698717,0.3132233398614824,0.1328921716935105,0.7114162655722298,0.391304347826087,6.0,0.5833333333333334,0.7916666666666666,2025-10-11 17:17:24.890,17,1,-0.3689323936863107,1.0033462552990084,1.0033462552990051,0.749646155990626,1.4519247338655452,0.5243830020318312,0.368932393686311,-0.6311709201132527,normal,,0
1760203044890 (1).mp4,2,7.977327935222672,19.44473684210526,0.0022093822337962,0.0047259188708344,0.0025841323756147,0.0381506515041951,0.0620191770147543,0.9166666666666666,0.0833333333333333,0.0023070384837962,0.0063416737640693,0.0174356204365646,0.0532507988494195,0.8681130193927243,0.1584616659896264,0.0869565217391304,6.0,0.875,0.1666666666666666,2025-10-11 17:17:24.890,17,1,1.1067971810589328,-1.057693201566464,-1.0576932015664622,-1.0121040975720805,-0.9094946411808854,-1.1324653748454114,-1.1067971810589328,1.8538803327158975,long_static,high_stationary_low_distance,1
1760203044890 (1).mp4,3,11.965991902834007,23.4334008097166,0.0024983723958333,0.0031488644886204,0.0119892371264449,0.1439386366801095,0.2877416910346788,0.7916666666666666,0.2083333333333333,0.0021303530092592,0.0042568556128684,0.0252656135782162,0.1436463162016553,0.0500545253703425,0.4046808833594245,0.217391304347826,6.0,0.75,0.2916666666666667,2025-10-11 17:17:24.890,17,1,0.4743416490252569,-0.5768780779061312,-0.5768780779061305,-0.22763324054206685,-0.8040403280722668,-0.5563596614536228,-0.474341649025257,-0.9111627041071477,normal,,0
1760203044890 (1).mp4,4,15.954655870445343,27.42206477732793,0.0114035373263888,0.0152191807954209,0.0317314187593683,0.1936899562868235,0.761554050224841,0.5,0.5,0.0212914134837963,0.0348006035225059,0.0838272599670614,0.3779502377112173,0.4268052757621617,0.721185618275077,0.391304347826087,6.0,0.4583333333333333,0.625,2025-10-11 17:17:24.890,17,1,-1.0013879257199865,0.4323971778873692,0.43239717788737025,0.7807719656219706,-0.015332332710874,0.9368983208618158,1.001387925719987,0.3622572855400173,normal,,0
1760203044890 (1).mp4,5,19.94331983805668,31.41072874493927,0.0120375795717592,0.0147787741029994,0.0317314187593683,0.1936899562868235,0.761554050224841,0.5,0.5,0.0212914134837963,0.0348006035225059,0.0838272599670614,0.3779502377112173,0.4268052757621617,0.7211856182750769,0.391304347826087,6.0,0.4583333333333333,0.625,2025-10-11 17:17:24.890,17,1,-1.0013879257199865,0.4323971778873692,0.43239717788737025,0.7807719656219703,-0.015332332710874,0.9368983208618158,1.001387925719987,0.3622572855400173,normal,,0
1760203044890 (1).mp4,6,23.93198380566801,35.39939271255061,0.0098074001736111,0.0159189281815458,0.0116717667876391,0.078868000692251,0.2801224029033385,0.75,0.25,0.019161060474537,0.0357512290882326,0.0838272599670614,0.1843180461287079,0.5250812901058607,0.2531044189683621,0.1739130434782608,6.0,0.7083333333333334,0.3333333333333333,2025-10-11 17:17:24.890,17,1,0.2635231383473651,-0.5931080449565167,-0.5931080449565184,-0.7105659709627328,-0.015332332710874,-0.2971519410840324,-0.26352313834736485,0.6944308539747605,normal,,0
1760203044890 (1).mp4,7,27.92064777327935,39.38805668016194,0.0008355034722222,0.0014595981375762,0.0,0.0,0.0,1.0,0.0,0.0,0.0,0.0,0.0,0.0,0.0,0.0,6.0,1.0,0.0,2025-10-11 17:17:24.890,17,1,1.5284342024147168,-1.1898012387072705,-1.1898012387072718,-1.5169735397431447,-1.1443175003453163,-1.4718416001098458,-1.5284342024147164,-1.0803473258036023,long_static,high_stationary_low_distance,1
1760203079205 (1).mp4,0,0.0,11.651257253384912,0.0435362413194444,0.2037649781144347,0.0020744504742836,0.0497868113828075,0.0497868113828075,0.9583333333333334,0.0416666666666666,0.0017921730324074,0.0078756280934418,0.0120388279428819,0.0483093490892699,1.0,0.0789141130267588,0.0434782608695652,6.0,0.9166666666666666,0.0833333333333333,2025-10-11 17:17:59.205,17,1,-0.7302967433402197,1.4061962386470022,1.406196238646954,0.0026737050685342644,1.4237156770087993,1.4051150034448083,0.7302967433402215,0.7302967433402214,frequent_walking,high_speed_high_distance,3
1760203079205 (1).mp4,1,4.052611218568665,15.703868471953578,0.0018518518518518,0.0039580578490863,0.0010793977488224,0.0259055459717399,0.0259055459717399,0.9583333333333334,0.0416666666666666,0.0005658637152777,0.002032952822094,0.0061120703689023,0.0251741913057702,1.0,0.157302499852354,0.0869565217391304,6.0,0.9166666666666666,0.125,2025-10-11 17:17:59.205,17,1,-0.7302967433402197,0.266566053609794,0.26656605360984054,0.9993304567480564,0.24952382225600797,0.26760427198476955,0.7302967433402215,0.7302967433402214,normal,,0
1760203079205 (1).mp4,2,8.10522243713733,19.756479690522244,0.0018294270833333,0.0039678487398367,0.0010793977488224,0.0259055459717399,0.0259055459717399,0.9583333333333334,0.0416666666666666,0.0005658637152777,0.002032952822094,0.0061120703689023,0.0251741913057702,1.0,0.157302499852354,0.0869565217391304,6.0,0.9166666666666666,0.125,2025-10-11 17:17:59.205,17,1,-0.7302967433402197,0.266566053609794,0.26656605360984054,0.9993304567480564,0.24952382225600797,0.26760427198476955,0.7302967433402215,0.7302967433402214,normal,,0
1760203079205 (1).mp4,3,12.157833655705996,23.80909090909091,0.0014091435185185,0.0034725169869096,0.0,0.0,0.0,1.0,0.0,0.0003785083912037,0.0018543048436216,0.0,0.0,0.0,0.0,0.0,6.0,0.9583333333333334,0.0833333333333333,2025-10-11 17:17:59.205,17,1,1.0954451150103344,-0.9696641729332955,-0.9696641729333176,-1.000667309282323,-0.9613816607604082,-0.9701617737071739,-1.0954451150103321,-1.0954451150103321,long_static,high_stationary_low_distance,1
1760203079205 (1).mp4,4,16.21044487427466,27.861702127659573,0.0006418185763888,0.000845257802541,0.0,0.0,0.0,1.0,0.0,0.0,0.0,0.0,0.0,0.0,0.0,0.0,6.0,1.0,0.0,2025-10-11 17:17:59.205,17,1,1.0954451150103344,-0.9696641729332955,-0.9696641729333176,-1.000667309282323,-0.9613816607604082,-0.9701617737071739,-1.0954451150103321,-1.0954451150103321,long_static,high_stationary_low_distance,1
1760203083568 (1).mp4,0,0.0,11.523,0.0511438440393518,0.2024024666662554,0.0759652313533053,0.6431564895274928,1.823165552479327,0.5833333333333334,0.4166666666666667,0.0059839771412037,0.0107202526671124,0.3547751045316496,0.5434186402982716,0.1981626718968827,0.89170932591914,0.4347826086956521,6.0,0.5416666666666666,1.1666666666666667,2025-10-11 17:18:03.568,17,1,-1.3055824196677337,1.1933480692279532,1.1933480692279528,1.2800992018004618,0.8924837965927048,0.8660254037844386,1.305582419667734,0.7298901058975065,frequent_walking,high_speed_high_distance,3
1760203083568 (1).mp4,1,4.008,15.531,0.0048716001157407,0.00870994420479,0.0483443411928232,0.6431564895274928,1.1602641886277578,0.7916666666666666,0.2083333333333333,0.0018200231481481,0.0032965005510662,0.3440151906496363,0.5434186402982716,0.2308353727581747,0.4750982928740077,0.2608695652173913,6.0,0.75,0.6666666666666666,2025-10-11 17:18:03.568,17,1,-0.261116483933547,0.45904369519703664,0.45904369519703736,0.3104696472054266,0.8391564949956462,0.8660254037844386,0.26111648393354653,0.9922006547696532,normal,,0
1760203083568 (1).mp4,2,8.016,19.539,0.0012700737847222,0.0022859836678249,0.0,0.0,0.0,1.0,0.0,0.0001953124999999,0.0009568319307746,0.0,0.0,0.0,0.0,0.0,6.0,0.9583333333333334,0.0416666666666666,2025-10-11 17:18:03.568,17,1,0.7833494518006403,-0.826195882212495,-0.8261958822124952,-0.7952844245029442,-0.8658201457941753,-0.8660254037844386,-0.7833494518006403,-0.8610453803335799,activity_drop,low_active_ratio_low_distance,2
1760203083568 (1).mp4,3,12.024,23.547,0.0007911964699074,0.0008428096641147,0.0,0.0,0.0,1.0,0.0,0.0,0.0,0.0,0.0,0.0,0.0,0.0,6.0,1.0,0.0,2025-10-11 17:18:03.568,17,1,0.7833494518006403,-0.826195882212495,-0.8261958822124952,-0.7952844245029442,-0.8658201457941753,-0.8660254037844386,-0.7833494518006403,-0.8610453803335799,activity_drop,low_active_ratio_low_distance,2
1760203136723 (1).mp4,0,0.0,11.285333333333334,0.0586868851273148,0.2019903796763186,0.0596003351412476,0.3503263284642685,1.4304080433899429,0.625,0.375,0.0278965928819444,0.0441059438324139,0.5150968780961136,0.3764352392947842,0.1314123700634986,0.5046869983335027,0.217391304347826,6.0,0.5833333333333334,0.7916666666666666,2025-10-11 17:18:56.723,17,1,-0.5264700014931598,1.121001283423778,1.1210012834237768,-0.12013793579138153,1.710769029927614,0.6862985383055774,0.52647000149316,-0.6638434386003992,frequent_walking,high_speed_high_distance,3
1760203136723 (1).mp4,1,3.925333333333333,15.210666666666668,0.0157340494791666,0.0248290896151825,0.0527651568763399,0.3503263284642685,1.2663637650321578,0.6666666666666666,0.3333333333333333,0.0259922960069444,0.0442899554130356,0.5150968780961136,0.3764352392947842,0.0977432862608961,0.5046869983335027,0.217391304347826,6.0,0.625,0.6666666666666666,2025-10-11 17:18:56.723,17,1,-0.3132496508884302,0.876707117379058,0.8767071173790566,-0.12013793579138153,1.710769029927614,0.6862985383055774,0.3132496508884302,-0.7659283419170811,normal,,0
1760203136723 (1).mp4,2,7.850666666666666,19.136,0.0003331163194444,0.0012548336612508,0.0,0.0,0.0,1.0,0.0,0.0001788556134259,0.0008762099810519,0.0,0.0,0.0,0.0,0.0,6.0,0.9583333333333334,0.0416666666666666,2025-10-11 17:18:56.723,17,1,1.3925131539494082,-1.0091573759441952,-1.0091573759441963,-1.271919466006097,-1.0360576414113534,-1.226892323431029,-1.3925131539494078,-1.0622866861565246,long_static,high_stationary_low_distance,1
1760203169556 (1).mp4,0,0.0,11.525054466230936,0.0636206958912037,0.2009998951873613,0.0765631034834443,0.3291366566166068,1.837514483602665,0.5416666666666666,0.4583333333333333,0.0412498191550925,0.0503428265308043,0.5454935300713664,0.48619486882262,0.0687678382158797,0.5419560083272973,0.217391304347826,6.0,0.5,0.75,2025-10-11 17:19:29.556,17,1,-0.9529107027026196,1.727262771473304,1.7272627714733042,-0.03508371901547319,1.8728634589865552,1.2441398301932587,0.9529107027026196,-0.853782107988506,frequent_walking,high_speed_high_distance,3
1760203169556 (1).mp4,1,4.008714596949892,15.533769063180827,0.014746997974537,0.0218823116698073,0.0579174391748802,0.3291366566166068,1.3900185401971266,0.6666666666666666,0.3333333333333333,0.026988208912037,0.0428961563829141,0.5454935300713664,0.48619486882262,0.3871376508157425,0.5415870208916015,0.217391304347826,6.0,0.625,0.5833333333333334,2025-10-11 17:19:29.556,17,1,-0.3132496508884302,1.0608533764182688,1.0608533764182695,-0.035925811073955094,1.8728634589865552,1.2441398301932587,0.3132496508884302,0.11151744482246029,normal,,0
1760203169556 (1).mp4,2,8.017429193899783,19.54248366013072,0.0011839916087962,0.0022763566396603,0.0,0.0,0.0,1.0,0.0,0.0012532552083333,0.0061396715558041,0.0,0.0,0.0,0.0,0.0,6.0,0.9583333333333334,0.0416666666666666,2025-10-11 17:19:29.556,17,1,1.3925131539494082,-1.0091573759441952,-1.0091573759441963,-1.271919466006097,-1.0360576414113534,-1.226892323431029,-1.3925131539494078,-1.0622866861565246,long_static,high_stationary_low_distance,1
1760203298500 (1).mp4,0,0.0,11.346570169918186,0.0545616319444444,0.2023445385029036,0.0854145091197557,0.3882363876320572,2.049948218874139,0.5833333333333334,0.4166666666666667,0.0182347728587962,0.0379657101151651,0.2840307988964889,0.4216599630904758,0.0718363859668277,0.8788331496300247,0.4347826086956521,6.0,0.5416666666666666,0.7916666666666666,2025-10-11 17:21:38.500,17,1,-0.8161232956510255,3.0234817970621615,3.0234817970621624,0.5829323555565623,1.4435922162347496,1.394893607408923,0.8161232956510264,-1.4787555368583583,frequent_walking,high_speed_high_distance,3
1760203298500 (1).mp4,1,3.946633102580239,15.293203272498426,0.0123844401041666,0.0199581647650634,0.0702147861862611,0.3882363876320572,1.6851548684702666,0.5833333333333334,0.4166666666666667,0.0175417751736111,0.0379593099629442,0.2714203436753685,0.4481612039103416,0.0549651401533384,0.8496827780957056,0.391304347826087,6.0,0.5416666666666666,0.7916666666666666,2025-10-11 17:21:38.500,17,1,-0.8161232956510255,2.3139863481044762,2.313986348104474,0.4566718840045574,1.2941740276114055,1.5748185345955952,0.8161232956510264,-1.5344292271628939,frequent_walking,high_speed_high_distance,3
1760203298500 (1).mp4,2,7.893266205160478,19.239836375078664,0.0034342447916666,0.0025370190374956,0.025511442887812,0.3235750760649259,0.6122746293074891,0.6666666666666666,0.3333333333333333,0.0027497468171296,0.0038935126343113,0.2414323233668087,0.4586497734269309,0.84566450307776,0.6395533429335142,0.3043478260869565,6.0,0.625,0.375,2025-10-11 17:21:38.500,17,1,-0.03886301407862016,0.2273155079702482,0.22731550797024855,-0.4534723156774059,0.9388533356667927,1.6460286005465463,0.03886301407862016,1.074812078553309,normal,,0
1760203298500 (1).mp4,3,11.839899307740716,23.186469477658903,0.0028508391203703,0.0026858889510998,0.0106510380695777,0.2236464176283142,0.255624913669865,0.7916666666666666,0.2083333333333333,0.0017737268518518,0.0032723666315771,0.1260973543448407,0.1951969270568209,0.8790470592583108,0.5764027674487278,0.2608695652173913,6.0,0.75,0.25,2025-10-11 17:21:38.500,17,1,1.127027408279989,-0.4663411879009863,-0.46634118790098744,-0.7269995820486908,-0.4277224027989621,-0.1426323350852073,-1.127027408279989,1.1849717025025834,normal,,0
1760203298500 (1).mp4,4,15.786532410320955,27.133102580239143,0.0037659143518518,0.0032738892981452,0.0304683543333154,0.4514924253756684,0.7312405039995713,0.7083333333333334,0.2916666666666667,0.0075978370949074,0.0147793895325193,0.2690917304740621,0.3625397230126352,0.2881669020834631,0.743881463147126,0.3043478260869565,6.0,0.6666666666666666,0.3333333333333333,2025-10-11 17:21:38.500,17,1,0.34976712670758353,0.4586951276421933,0.4586951276421947,-0.0015906770918832935,1.2665828613574808,0.9935084434625537,-0.3497671267075825,-0.7648830528199677,normal,,0
1760203298500 (1).mp4,5,19.733165512901195,31.079735682819383,0.0044321469907407,0.003430744359956,0.0132541277507883,0.2367167102572066,0.3180990660189197,0.625,0.375,0.0110281032986111,0.0160018517651962,0.1470309341581898,0.2029369892192662,0.7456906797906965,0.8949778454881347,0.3478260869565217,6.0,0.5833333333333334,0.4166666666666667,2025-10-11 17:21:38.500,17,1,-0.4274931548648228,-0.34483369134144126,-0.34483369134144193,0.6528606893930213,-0.1796855538298478,-0.09008271559892474,0.4274931548648233,0.7449068814045513,normal,,0
1760203298500 (1).mp4,6,23.679798615481435,35.02636878539962,0.0048981843171296,0.0032188422504889,0.0224115793767071,0.2367167102572066,0.5378779050409719,0.5416666666666666,0.4583333333333333,0.0117017505787037,0.015676907211225,0.2714073742888219,0.3653951088232564,0.8436075623686551,1.0734895585849271,0.4782608695652174,6.0,0.5,0.5416666666666666,2025-10-11 17:21:38.500,17,1,-1.2047534364372292,0.08261951165886924,0.08261951165887035,1.426057457970115,1.294020356533608,1.0128945200450792,1.204753436437229,1.068024347446817,normal,,0
1760203298500 (1).mp4,7,27.62643171806167,38.97300188797986,0.0036877893518518,0.0033242077492171,0.0114121323148659,0.2146730579923061,0.2738911755567828,0.6666666666666666,0.3333333333333333,0.0056846788194444,0.0094750171477482,0.1369663255818745,0.1875355334286951,0.8123321253250384,0.8071186818596664,0.4347826086956521,6.0,0.625,0.5,2025-10-11 17:21:38.500,17,1,-0.03886301407862016,-0.4308146914232172,-0.4308146914232165,0.2723118714530824,-0.29893863044815516,-0.19464785013443614,0.03886301407862016,0.964818039189893,normal,,0
1760203298500 (1).mp4,8,31.57306482064191,42.9196349905601,0.0028714554398148,0.0030507131119404,0.0047590487860942,0.0853959245125478,0.1142171708662609,0.75,0.25,0.0021733940972222,0.0036416963211703,0.0801588894466348,0.0295924679091847,0.6752872121976753,0.7206347926780169,0.3478260869565217,6.0,0.7083333333333334,0.5,2025-10-11 17:21:38.500,17,1,0.7383972674937862,-0.7413685420330188,-0.7413685420330199,-0.10228015104895491,-0.9720359975794959,-1.266971020072017,-0.7383972674937855,0.5125813676594216,activity_drop,low_active_ratio_low_distance,2
1760203298500 (1).mp4,9,35.519697923222154,46.866268093140334,0.001989113136574,0.0029515807759797,0.0043710352221528,0.0853959245125478,0.1049048453316683,0.8333333333333334,0.1666666666666666,0.0014997468171296,0.0031874970036895,0.0801588894466348,0.0295924679091847,0.6854175787213461,0.3754295902280949,0.217391304347826,6.0,0.7916666666666666,0.375,2025-10-11 17:21:38.500,17,1,1.5156575490661925,-0.759480310185294,-0.7594803101852933,-1.597484820815116,-0.9720359975794959,-1.266971020072017,-1.515657549066192,0.5460107240178801,normal,,0
1760203298500 (1).mp4,10,39.46633102580239,50.81290119572058,0.0029616970486111,0.0039921490017347,0.0218363166335806,0.2087947027328957,0.5240715992059354,0.7083333333333334,0.2916666666666667,0.0031302445023148,0.0052682776600649,0.1530701840588105,0.1862239707518677,0.0060241609491312,0.7467478806903017,0.3478260869565217,6.0,0.6666666666666666,0.5833333333333334,2025-10-11 17:21:38.500,17,1,0.34976712670758353,0.05576729205006558,0.055767292050065774,0.010824781498077411,-0.10812796411784978,-0.2035524452336978,-0.3497671267075825,-1.6959303367749188,normal,,0
1760203298500 (1).mp4,11,43.41296412838263,54.759534298300814,0.0038116681134259,0.0052743602201321,0.0145378478870088,0.2087947027328957,0.3489083492882115,0.6666666666666666,0.3333333333333333,0.0044690393518518,0.0065907913135598,0.1549362724764624,0.1893642189457453,0.6409487608043806,0.6197211352432282,0.3043478260869565,6.0,0.625,0.6666666666666666,2025-10-11 17:21:38.500,17,1,-0.03886301407862016,-0.2849119678752372,-0.2849119678752382,-0.5393725551287207,-0.08601714049670407,-0.18223235190403136,0.03886301407862016,0.3992673700126614,normal,,0
1760203298500 (1).mp4,12,47.35959723096287,58.70616740088106,0.0038116681134259,0.0052743602201321,0.0145378478870088,0.2087947027328957,0.3489083492882115,0.6666666666666666,0.3333333333333333,0.0044690393518518,0.0065907913135598,0.1549362724764624,0.1893642189457453,0.6409487608043806,0.6197211352432282,0.3043478260869565,6.0,0.625,0.6666666666666666,2025-10-11 17:21:38.500,17,1,-0.03886301407862016,-0.2849119678752372,-0.2849119678752382,-0.5393725551287207,-0.08601714049670407,-0.18223235190403136,0.03886301407862016,0.3992673700126614,normal,,0
1760203298500 (1).mp4,13,51.30623033354311,62.65280050346129,0.002647388599537,0.0044466520860351,0.0042894691908655,0.0368199084874759,0.1029472605807724,0.7916666666666666,0.2083333333333333,0.0026372612847222,0.0052852414796694,0.0412041290548982,0.028609550735846,0.0473651356098738,0.4220544639948751,0.217391304347826,6.0,0.75,0.4166666666666667,2025-10-11 17:21:38.500,17,1,1.127027408279989,-0.7632876643220167,-0.7632876643220173,-1.3955361581397303,-1.4336013918438695,-1.273644341598567,-1.127027408279989,-1.5595086020913067,normal,,0
1760203298500 (1).mp4,14,55.25286343612334,66.59943360604153,0.001983326099537,0.0032139585193618,0.0015625980030686,0.0245290769497379,0.0375023520736475,0.875,0.125,0.0018001302083333,0.0043712060878361,0.0174251313798621,0.0172638469757093,0.3483784964887264,0.2479051652578754,0.0869565217391304,6.0,0.8333333333333334,0.2916666666666667,2025-10-11 17:21:38.500,17,1,1.9042876898523953,-0.8905730567006083,-0.8905730567006076,-2.149837781811923,-1.715352898635781,-1.3506737507798119,-1.9042876898523944,-0.5661898622447522,long_static,high_stationary_low_distance,1
1760203298500 (1).mp4,15,59.19949653870359,70.54606670862177,0.0050607638888888,0.0046906594402564,0.0025147757697457,0.0245290769497379,0.0603546184738969,0.7083333333333334,0.2916666666666667,0.0053150318287037,0.0066832236282055,0.0206061385056837,0.0189083073948961,0.2245249199350789,0.7993467142546455,0.3043478260869565,6.0,0.5833333333333334,0.7916666666666666,2025-10-11 17:21:38.500,17,1,0.34976712670758353,-0.8461271286391567,-0.8461271286391581,0.23864875695241294,-1.6776619259941143,-1.3395090123739877,-0.3497671267075825,-0.9748962340435495,normal,,0
1760203298500 (1).mp4,16,63.14612964128382,74.49269981120202,0.0062237774884259,0.0056854621615923,0.0115834003145915,0.2292803526545865,0.2780016075501962,0.7083333333333334,0.2916666666666667,0.007560402199074,0.0105859636835841,0.1578952659751966,0.1841556290649332,0.8215800885123775,0.7519774718976733,0.3478260869565217,6.0,0.5833333333333334,0.7916666666666666,2025-10-11 17:21:38.500,17,1,0.34976712670758353,-0.42282021238639034,-0.4228202123863915,0.03347597313347669,-0.05095675282817458,-0.2175950415765784,-0.3497671267075825,0.9953355388536109,normal,,0
1760203298500 (1).mp4,17,67.09276274386406,78.43933291378225,0.0126274956597222,0.0098711202333929,0.0279103263340402,0.2292803526545865,0.6698478320169656,0.5,0.5,0.0173867910879629,0.0186901547751113,0.2120163200861521,0.3758660889301558,0.5611531120487845,1.0724676077005484,0.4782608695652174,6.0,0.3333333333333333,1.2083333333333333,2025-10-11 17:21:38.500,17,1,-1.593383577223432,0.3392910285192617,0.3392910285192614,1.4216310306632545,0.5903103330817088,1.0839851661817195,1.5933835772234322,0.13594844943143378,normal,,0
1760203298500 (1).mp4,18,71.03939584644431,82.38596601636249,0.0194104456018518,0.0118866724623,0.0180959787649106,0.2184508828596552,0.4343034903578549,0.5416666666666666,0.4583333333333333,0.0323171657986111,0.02427863734059,0.2120163200861521,0.2099505464222661,0.5466656510876693,0.908785762285196,0.4782608695652174,6.0,0.25,1.1666666666666667,2025-10-11 17:21:38.500,17,1,-1.2047534364372292,-0.11882488354397487,-0.11882488354397548,0.7126676144572625,0.5903103330817088,-0.04246555768368613,1.204753436437229,0.08814104837968165,normal,,0
1760203298500 (1).mp4,19,74.98602894902454,86.33259911894272,0.0261154513888888,0.0057232230070673,0.0174953464475788,0.2184508828596552,0.4198883147418925,0.5,0.5,0.0452757884837963,0.0150966196159816,0.2120163200861521,0.2231398963019829,0.6595069812510236,1.1362429040147766,0.6521739130434783,6.0,0.0,1.375,2025-10-11 17:21:38.500,17,1,-1.593383577223432,-0.14686130878069753,-0.14686130878069667,1.6978641818093116,0.5903103330817088,0.04708092177657652,1.5933835772234322,0.46050793453123484,normal,,0
1760203301838 (1).mp4,0,0.0,11.484666666666667,0.0431897424768518,0.2038181368151004,0.0019341496526116,0.0464195916626785,0.0464195916626785,0.9583333333333334,0.0416666666666666,0.0008975332754629,0.0032104049825139,0.026935035795466,0.0378058505634614,1.0,0.1904203248259382,0.0869565217391304,6.0,0.9166666666666666,0.0833333333333333,2025-10-11 17:21:41.838,17,1,1.1792928033446786,-0.9400294822627249,-0.9400294822627259,-0.8373479120801696,-0.8924227683173437,-1.0347482299245414,-1.1792928033446783,1.969720478493175,long_static,high_stationary_low_distance,1
1760203301838 (1).mp4,1,3.994666666666667,15.479333333333336,0.0002003761574074,0.0004311910367054,0.0,0.0,0.0,1.0,0.0,0.0,0.0,0.0,0.0,0.0,0.0,0.0,6.0,1.0,0.0,2025-10-11 17:21:41.838,17,1,1.3925131539494082,-1.0091573759441952,-1.0091573759441963,-1.271919466006097,-1.0360576414113534,-1.226892323431029,-1.3925131539494078,-1.0622866861565246,long_static,high_stationary_low_distance,1
1760203332916 (1).mp4,0,0.0,11.97878486055777,0.0710814525462962,0.1997790306614661,0.0623558218649108,0.188075081717561,1.4965397247578605,0.5,0.5,0.0496969039351851,0.0540778234179671,0.517603983018389,0.4827199017292695,0.1388090553593006,0.8108090177717606,0.3478260869565217,6.0,0.3333333333333333,1.0833333333333333,2025-10-11 17:22:12.916,17,1,-1.0,1.1735611174302412,1.173561117430241,1.5144320591591787,0.9119252654900842,0.9372162165732248,1.0,-0.32011436887711986,frequent_walking,high_speed_high_distance,3
1760203332916 (1).mp4,1,4.166533864541833,16.145318725099603,0.0287395109953703,0.0289441837521407,0.0536946650319825,0.188075081717561,1.2886719607675816,0.5,0.5,0.0490603298611111,0.0546331313035037,0.481186471100518,0.4827199017292695,0.2592130760037631,0.4349855642025576,0.1739130434782608,6.0,0.4166666666666667,0.9583333333333334,2025-10-11 17:22:12.916,17,1,-1.0,0.8775357486059443,0.8775357486059449,0.41102496363001306,0.771629003369709,0.9372162165732248,1.0,0.008220576956979324,frequent_walking,high_speed_high_distance,3
1760203332916 (1).mp4,2,8.333067729083666,20.31185258964144,0.0148645471643518,0.0258383839095145,0.0240474430162622,0.188075081717561,0.577138632390293,0.75,0.25,0.0258955439814814,0.049314458262669,0.4056608924926352,0.3084276927562683,0.8829703706359742,0.2291521442979723,0.1304347826086956,6.0,0.7083333333333334,0.5,2025-10-11 17:22:12.916,17,1,0.0,-0.13576189755296678,-0.13576189755296728,-0.1932961713678396,0.4806712795949324,0.22060264912866787,0.0,1.7091713961280692,normal,,0
1760203332916 (1).mp4,3,12.4996015936255,24.47838645418327,0.0002350983796296,0.0005957343319954,0.0,0.0,0.0,1.0,0.0,0.0,0.0,0.0,0.0,0.0,0.0,0.0,5.0,1.0,0.0,2025-10-11 17:22:12.916,17,1,1.0,-0.9576674842416094,-0.9576674842416092,-0.8660804257106759,-1.0821127742273629,-1.0475175411375586,-1.0,-0.6986388021039642,long_static,high_stationary_low_distance,1
1760203332916 (1).mp4,4,16.666135458167332,28.644920318725102,0.0001303891782407,0.0002001095808592,0.0,0.0,0.0,1.0,0.0,0.0,0.0,0.0,0.0,0.0,0.0,0.0,6.0,1.0,0.0,2025-10-11 17:22:12.916,17,1,1.0,-0.9576674842416094,-0.9576674842416092,-0.8660804257106759,-1.0821127742273629,-1.0475175411375586,-1.0,-0.6986388021039642,long_static,high_stationary_low_distance,1
1760203354871 (1).mp4,0,0.0,12.13448275862069,0.0512832754629629,0.2028806243849594,0.0367544582310107,0.35136796994727,0.8821069975442584,0.7083333333333334,0.2916666666666667,0.0168668619791666,0.0350015252679528,0.3170726459443003,0.3684339622015254,0.3311248505904944,0.5105095932801254,0.3043478260869565,6.0,0.6666666666666666,0.5416666666666666,2025-10-11 17:22:34.871,17,1,-0.10002930028370008,0.30447328209856156,0.30447328209856234,-0.10684978424480683,0.6547769135387335,0.6456329240933609,0.10002930028370063,-0.05831376677258419,normal,,0
1760203354871 (1).mp4,1,4.220689655172414,16.355172413793102,0.0032280815972222,0.0097003273743191,0.0216715798408782,0.35136796994727,0.5201179161810786,0.875,0.125,0.0068350332754629,0.0225457099869825,0.3170726459443003,0.3037768837841696,0.7651192053571138,0.1837264901637609,0.0869565217391304,6.0,0.8333333333333334,0.2083333333333333,2025-10-11 17:22:34.871,17,1,0.7528521021352188,-0.23459959282390438,-0.23459959282390305,-0.8526243807739641,0.6547769135387335,0.3170204068210274,-0.7528521021352186,1.2575602262973293,activity_drop,low_active_ratio_low_distance,2
1760203354871 (1).mp4,2,8.441379310344828,20.57586206896552,8.156105324074076e-05,0.0001155651191393,0.0,0.0,0.0,1.0,0.0,0.0,0.0,0.0,0.0,0.0,0.0,0.0,6.0,1.0,0.0,2025-10-11 17:22:34.871,17,1,1.3925131539494082,-1.0091573759441952,-1.0091573759441963,-1.271919466006097,-1.0360576414113534,-1.226892323431029,-1.3925131539494078,-1.0622866861565246,long_static,high_stationary_low_distance,1
